[
{
    "fields": {
        "name": "Moderators",
        "permissions": [
            [
                "access_admin",
                "wagtailadmin",
                "admin"
            ],
            [
                "add_document",
                "wagtaildocs",
                "document"
            ],
            [
                "change_document",
                "wagtaildocs",
                "document"
            ],
            [
                "delete_document",
                "wagtaildocs",
                "document"
            ],
            [
                "add_image",
                "wagtailimages",
                "image"
            ],
            [
                "change_image",
                "wagtailimages",
                "image"
            ],
            [
                "delete_image",
                "wagtailimages",
                "image"
            ]
        ]
    },
    "model": "auth.group",
    "pk": 1
},
{
    "fields": {
        "name": "Editors",
        "permissions": [
            [
                "access_admin",
                "wagtailadmin",
                "admin"
            ],
            [
                "add_document",
                "wagtaildocs",
                "document"
            ],
            [
                "change_document",
                "wagtaildocs",
                "document"
            ],
            [
                "delete_document",
                "wagtaildocs",
                "document"
            ],
            [
                "add_image",
                "wagtailimages",
                "image"
            ],
            [
                "change_image",
                "wagtailimages",
                "image"
            ],
            [
                "delete_image",
                "wagtailimages",
                "image"
            ]
        ]
    },
    "model": "auth.group",
    "pk": 2
},
{
    "fields": {
        "username": "root",
        "first_name": "",
        "last_name": "",
        "is_active": true,
        "is_superuser": true,
        "is_staff": true,
        "last_login": "2015-06-23T07:32:13.470Z",
        "groups": [],
        "user_permissions": [],
        "password": "pbkdf2_sha256$20000$sYWFllJBqM0e$UCEcvd4b2ZlIowHrR6uvmHU+K20bJHVt1zU1L0Y+wPc=",
        "email": "me@home.co",
        "date_joined": "2015-06-02T10:31:32.318Z"
    },
    "model": "auth.user",
    "pk": 1
},
{
    "fields": {
        "expire_date": "2015-07-07T07:32:13.604Z",
        "session_data": "ZWM2ZDVjZjhmYTIxZWU3MTBlOGE3ZGZhNDkyZTg1NTEzNjQyMTg3Mjp7Il9hdXRoX3VzZXJfaGFzaCI6IjNhMzhmNWZlY2MxYzdjMTUxOWVlYzhmYjNmMzk0NDk1YWZhMGQyOGEiLCJfYXV0aF91c2VyX2JhY2tlbmQiOiJkamFuZ28uY29udHJpYi5hdXRoLmJhY2tlbmRzLk1vZGVsQmFja2VuZCIsIl9hdXRoX3VzZXJfaWQiOiIxIn0="
    },
    "model": "sessions.session",
    "pk": "25gmgobdsc0uzalip1fk2luxxkdejm6z"
},
{
    "fields": {
        "expire_date": "2015-06-28T11:55:57.320Z",
        "session_data": "ZWM2ZDVjZjhmYTIxZWU3MTBlOGE3ZGZhNDkyZTg1NTEzNjQyMTg3Mjp7Il9hdXRoX3VzZXJfaGFzaCI6IjNhMzhmNWZlY2MxYzdjMTUxOWVlYzhmYjNmMzk0NDk1YWZhMGQyOGEiLCJfYXV0aF91c2VyX2JhY2tlbmQiOiJkamFuZ28uY29udHJpYi5hdXRoLmJhY2tlbmRzLk1vZGVsQmFja2VuZCIsIl9hdXRoX3VzZXJfaWQiOiIxIn0="
    },
    "model": "sessions.session",
    "pk": "4cdssyfcvv04wcmwden40m6th1a50uru"
},
{
    "fields": {
        "expire_date": "2015-06-16T10:31:48.018Z",
        "session_data": "MjgzOTZkMzQzZTNmMDA0Mjg5OWQwMzg5ZWIyM2UxOGZkNDdmNzlhMzp7Il9hdXRoX3VzZXJfaGFzaCI6IjVjYmIxMDMxYjUyY2U5MTA4NWM2MmRhODk3MzEzMjg4NDYxZjI1YTgiLCJfYXV0aF91c2VyX2JhY2tlbmQiOiJkamFuZ28uY29udHJpYi5hdXRoLmJhY2tlbmRzLk1vZGVsQmFja2VuZCIsIl9hdXRoX3VzZXJfaWQiOjF9"
    },
    "model": "sessions.session",
    "pk": "cgdqg60tjru4d2vm6p82euisxbp99m3w"
},
{
    "fields": {
        "expire_date": "2015-06-23T08:50:10.701Z",
        "session_data": "MmNhZGRkMjYwYTgxNWNkZDVjMDhmYTJlMmRlOGYzODg0YjU2ODc4ZDp7Il9hdXRoX3VzZXJfaWQiOjEsImxvY2FsZSI6Inp1IiwiX2F1dGhfdXNlcl9iYWNrZW5kIjoiZGphbmdvLmNvbnRyaWIuYXV0aC5iYWNrZW5kcy5Nb2RlbEJhY2tlbmQiLCJfbGFuZ3VhZ2UiOiJlbiIsIl9hdXRoX3VzZXJfaGFzaCI6IjVjYmIxMDMxYjUyY2U5MTA4NWM2MmRhODk3MzEzMjg4NDYxZjI1YTgiLCJkamFuZ29fbGFuZ3VhZ2UiOiJ6dSJ9"
    },
    "model": "sessions.session",
    "pk": "i88xwn5e7u2fhch4vy8whteou6ykm32z"
},
{
    "fields": {
        "expire_date": "2015-07-03T11:08:00.631Z",
        "session_data": "ZWM2ZDVjZjhmYTIxZWU3MTBlOGE3ZGZhNDkyZTg1NTEzNjQyMTg3Mjp7Il9hdXRoX3VzZXJfaGFzaCI6IjNhMzhmNWZlY2MxYzdjMTUxOWVlYzhmYjNmMzk0NDk1YWZhMGQyOGEiLCJfYXV0aF91c2VyX2JhY2tlbmQiOiJkamFuZ28uY29udHJpYi5hdXRoLmJhY2tlbmRzLk1vZGVsQmFja2VuZCIsIl9hdXRoX3VzZXJfaWQiOiIxIn0="
    },
    "model": "sessions.session",
    "pk": "i8n5v07j4bj8x0prg965h2fexldp4ejt"
},
{
    "fields": {
        "expire_date": "2015-06-26T13:26:28.181Z",
        "session_data": "ZWM2ZDVjZjhmYTIxZWU3MTBlOGE3ZGZhNDkyZTg1NTEzNjQyMTg3Mjp7Il9hdXRoX3VzZXJfaGFzaCI6IjNhMzhmNWZlY2MxYzdjMTUxOWVlYzhmYjNmMzk0NDk1YWZhMGQyOGEiLCJfYXV0aF91c2VyX2JhY2tlbmQiOiJkamFuZ28uY29udHJpYi5hdXRoLmJhY2tlbmRzLk1vZGVsQmFja2VuZCIsIl9hdXRoX3VzZXJfaWQiOiIxIn0="
    },
    "model": "sessions.session",
    "pk": "qr99sa0n5s99e4o0eopwdxgxff1t3h30"
},
{
    "fields": {
        "root_page": 4,
        "hostname": "localhost",
        "port": 80,
        "is_default_site": true
    },
    "model": "wagtailcore.site",
    "pk": 3
},
{
    "fields": {
        "locked": false,
        "title": "Root",
        "numchild": 1,
        "show_in_menus": false,
        "live": true,
        "seo_title": "",
        "latest_revision_created_at": null,
        "depth": 1,
        "search_description": "",
        "content_type": [
            "wagtailcore",
            "page"
        ],
        "has_unpublished_changes": false,
        "owner": null,
        "path": "0001",
        "first_published_at": null,
        "url_path": "/",
        "expired": false,
        "slug": "root",
        "expire_at": null,
        "go_live_at": null
    },
    "model": "wagtailcore.page",
    "pk": 1
},
{
    "fields": {
        "locked": false,
        "title": "Main",
        "numchild": 2,
        "show_in_menus": false,
        "live": true,
        "seo_title": "",
        "latest_revision_created_at": null,
        "depth": 2,
        "search_description": "",
        "content_type": [
            "core",
            "main"
        ],
        "has_unpublished_changes": false,
        "owner": null,
        "path": "00010001",
        "first_published_at": null,
        "url_path": "/home/",
        "expired": false,
        "slug": "main",
        "expire_at": null,
        "go_live_at": null
    },
    "model": "wagtailcore.page",
    "pk": 4
},
{
    "fields": {
        "locked": false,
        "title": "English",
        "numchild": 5,
        "show_in_menus": false,
        "live": true,
        "seo_title": "",
        "latest_revision_created_at": "2015-06-05T13:47:09.428Z",
        "depth": 3,
        "search_description": "",
        "content_type": [
            "core",
            "languagepage"
        ],
        "has_unpublished_changes": false,
        "owner": [
            "root"
        ],
        "path": "000100010001",
        "first_published_at": "2015-06-05T13:47:09.813Z",
        "url_path": "/home/english/",
        "expired": false,
        "slug": "english",
        "expire_at": null,
        "go_live_at": null
    },
    "model": "wagtailcore.page",
    "pk": 5
},
{
    "fields": {
        "locked": false,
        "title": "Your mind",
        "numchild": 2,
        "show_in_menus": false,
        "live": true,
        "seo_title": "",
        "latest_revision_created_at": "2015-06-05T13:47:57.102Z",
        "depth": 4,
        "search_description": "",
        "content_type": [
            "core",
            "sectionpage"
        ],
        "has_unpublished_changes": false,
        "owner": [
            "root"
        ],
        "path": "0001000100010001",
        "first_published_at": "2015-06-05T13:47:57.478Z",
        "url_path": "/home/english/your-mind/",
        "expired": false,
        "slug": "your-mind",
        "expire_at": null,
        "go_live_at": null
    },
    "model": "wagtailcore.page",
    "pk": 6
},
{
    "fields": {
        "locked": false,
        "title": "Zulu",
        "numchild": 0,
        "show_in_menus": false,
        "live": true,
        "seo_title": "",
        "latest_revision_created_at": "2015-06-05T19:10:34.641Z",
        "depth": 3,
        "search_description": "",
        "content_type": [
            "core",
            "languagepage"
        ],
        "has_unpublished_changes": false,
        "owner": [
            "root"
        ],
        "path": "000100010002",
        "first_published_at": "2015-06-05T19:10:35.017Z",
        "url_path": "/home/zulu/",
        "expired": false,
        "slug": "zulu",
        "expire_at": null,
        "go_live_at": null
    },
    "model": "wagtailcore.page",
    "pk": 8
},
{
    "fields": {
        "locked": false,
        "title": "Your mind subsection",
        "numchild": 2,
        "show_in_menus": false,
        "live": true,
        "seo_title": "",
        "latest_revision_created_at": "2015-06-09T12:22:12.655Z",
        "depth": 5,
        "search_description": "",
        "content_type": [
            "core",
            "sectionpage"
        ],
        "has_unpublished_changes": false,
        "owner": [
            "root"
        ],
        "path": "00010001000100010002",
        "first_published_at": "2015-06-09T12:22:13.064Z",
        "url_path": "/home/english/your-mind/your-mind-subsection/",
        "expired": false,
        "slug": "your-mind-subsection",
        "expire_at": null,
        "go_live_at": null
    },
    "model": "wagtailcore.page",
    "pk": 9
},
{
    "fields": {
        "locked": false,
        "title": "Your mind subsection 2",
        "numchild": 4,
        "show_in_menus": false,
        "live": true,
        "seo_title": "",
        "latest_revision_created_at": "2015-06-10T12:53:00.045Z",
        "depth": 5,
        "search_description": "",
        "content_type": [
            "core",
            "sectionpage"
        ],
        "has_unpublished_changes": false,
        "owner": [
            "root"
        ],
        "path": "00010001000100010003",
        "first_published_at": "2015-06-10T12:53:00.441Z",
        "url_path": "/home/english/your-mind/your-mind-subsection-2/",
        "expired": false,
        "slug": "your-mind-subsection-2",
        "expire_at": null,
        "go_live_at": null
    },
    "model": "wagtailcore.page",
    "pk": 10
},
{
    "fields": {
        "locked": false,
        "title": "Page 1",
        "numchild": 0,
        "show_in_menus": false,
        "live": true,
        "seo_title": "",
        "latest_revision_created_at": "2015-06-23T08:41:07.155Z",
        "depth": 6,
        "search_description": "",
        "content_type": [
            "core",
            "articlepage"
        ],
        "has_unpublished_changes": false,
        "owner": [
            "root"
        ],
        "path": "000100010001000100030001",
        "first_published_at": "2015-06-10T12:53:00Z",
        "url_path": "/home/english/your-mind/your-mind-subsection-2/page-1/",
        "expired": false,
        "slug": "page-1",
        "expire_at": null,
        "go_live_at": null
    },
    "model": "wagtailcore.page",
    "pk": 11
},
{
    "fields": {
        "locked": false,
        "title": "Page 2",
        "numchild": 0,
        "show_in_menus": false,
        "live": true,
        "seo_title": "",
        "latest_revision_created_at": "2015-06-23T08:41:12.894Z",
        "depth": 6,
        "search_description": "",
        "content_type": [
            "core",
            "articlepage"
        ],
        "has_unpublished_changes": false,
        "owner": [
            "root"
        ],
        "path": "000100010001000100030002",
        "first_published_at": "2015-06-10T12:53:00Z",
        "url_path": "/home/english/your-mind/your-mind-subsection-2/page-2/",
        "expired": false,
        "slug": "page-2",
        "expire_at": null,
        "go_live_at": null
    },
    "model": "wagtailcore.page",
    "pk": 12
},
{
    "fields": {
        "locked": false,
        "title": "Page 3",
        "numchild": 0,
        "show_in_menus": false,
        "live": true,
        "seo_title": "",
        "latest_revision_created_at": "2015-06-23T08:41:20.107Z",
        "depth": 6,
        "search_description": "",
        "content_type": [
            "core",
            "articlepage"
        ],
        "has_unpublished_changes": false,
        "owner": [
            "root"
        ],
        "path": "000100010001000100030003",
        "first_published_at": "2015-06-10T12:53:00Z",
        "url_path": "/home/english/your-mind/your-mind-subsection-2/page-3/",
        "expired": false,
        "slug": "page-3",
        "expire_at": null,
        "go_live_at": null
    },
    "model": "wagtailcore.page",
    "pk": 13
},
{
    "fields": {
        "locked": false,
        "title": "Page 1",
        "numchild": 0,
        "show_in_menus": true,
        "live": true,
        "seo_title": "",
        "latest_revision_created_at": "2015-06-23T11:57:25.633Z",
        "depth": 6,
        "search_description": "",
        "content_type": [
            "core",
            "articlepage"
        ],
        "has_unpublished_changes": false,
        "owner": [
            "root"
        ],
        "path": "000100010001000100020001",
        "first_published_at": "2015-06-11T12:53:00Z",
        "url_path": "/home/english/your-mind/your-mind-subsection/page-1/",
        "expired": false,
        "slug": "page-1",
        "expire_at": null,
        "go_live_at": null
    },
    "model": "wagtailcore.page",
    "pk": 14
},
{
    "fields": {
        "locked": false,
        "title": "Page 2",
        "numchild": 0,
        "show_in_menus": false,
        "live": true,
        "seo_title": "",
        "latest_revision_created_at": "2015-06-23T11:26:10.470Z",
        "depth": 6,
        "search_description": "",
        "content_type": [
            "core",
            "articlepage"
        ],
        "has_unpublished_changes": false,
        "owner": [
            "root"
        ],
        "path": "000100010001000100020002",
        "first_published_at": "2015-06-10T12:53:00Z",
        "url_path": "/home/english/your-mind/your-mind-subsection/page-2/",
        "expired": false,
        "slug": "page-2",
        "expire_at": null,
        "go_live_at": null
    },
    "model": "wagtailcore.page",
    "pk": 15
},
{
    "fields": {
        "locked": false,
        "title": "Homepage",
        "numchild": 1,
        "show_in_menus": false,
        "live": true,
        "seo_title": "",
        "latest_revision_created_at": "2015-06-12T14:46:05.889Z",
        "depth": 4,
        "search_description": "",
        "content_type": [
            "core",
            "homepage"
        ],
        "has_unpublished_changes": false,
        "owner": [
            "root"
        ],
        "path": "0001000100010002",
        "first_published_at": "2015-06-12T13:33:35.555Z",
        "url_path": "/home/english/homepage/",
        "expired": false,
        "slug": "homepage",
        "expire_at": null,
        "go_live_at": null
    },
    "model": "wagtailcore.page",
    "pk": 16
},
{
    "fields": {
        "locked": false,
        "title": "Terms",
        "numchild": 0,
        "show_in_menus": false,
        "live": true,
        "seo_title": "",
        "latest_revision_created_at": "2015-06-12T14:13:58.472Z",
        "depth": 4,
        "search_description": "",
        "content_type": [
            "core",
            "footerpage"
        ],
        "has_unpublished_changes": false,
        "owner": [
            "root"
        ],
        "path": "0001000100010003",
        "first_published_at": "2015-06-12T14:13:58.913Z",
        "url_path": "/home/english/terms/",
        "expired": false,
        "slug": "terms",
        "expire_at": null,
        "go_live_at": null
    },
    "model": "wagtailcore.page",
    "pk": 17
},
{
    "fields": {
        "locked": false,
        "title": "Privacy",
        "numchild": 0,
        "show_in_menus": false,
        "live": true,
        "seo_title": "",
        "latest_revision_created_at": "2015-06-12T14:14:24.264Z",
        "depth": 4,
        "search_description": "",
        "content_type": [
            "core",
            "footerpage"
        ],
        "has_unpublished_changes": false,
        "owner": [
            "root"
        ],
        "path": "0001000100010004",
        "first_published_at": "2015-06-12T14:14:24.650Z",
        "url_path": "/home/english/privacy/",
        "expired": false,
        "slug": "privacy",
        "expire_at": null,
        "go_live_at": null
    },
    "model": "wagtailcore.page",
    "pk": 18
},
{
    "fields": {
        "locked": false,
        "title": "A sample homepage page",
        "numchild": 0,
        "show_in_menus": false,
        "live": true,
        "seo_title": "",
        "latest_revision_created_at": "2015-06-12T14:45:39.251Z",
        "depth": 5,
        "search_description": "",
        "content_type": [
            "core",
            "articlepage"
        ],
        "has_unpublished_changes": false,
        "owner": [
            "root"
        ],
        "path": "00010001000100020001",
        "first_published_at": "2015-06-12T14:45:39.660Z",
        "url_path": "/home/english/homepage/sample-homepage-page/",
        "expired": false,
        "slug": "sample-homepage-page",
        "expire_at": null,
        "go_live_at": null
    },
    "model": "wagtailcore.page",
    "pk": 19
},
{
    "fields": {
        "locked": false,
        "title": "Another page",
        "numchild": 0,
        "show_in_menus": false,
        "live": true,
        "seo_title": "",
        "latest_revision_created_at": "2015-06-23T08:41:26.298Z",
        "depth": 6,
        "search_description": "",
        "content_type": [
            "core",
            "articlepage"
        ],
        "has_unpublished_changes": false,
        "owner": [
            "root"
        ],
        "path": "000100010001000100030004",
        "first_published_at": "2015-06-19T11:10:00Z",
        "url_path": "/home/english/your-mind/your-mind-subsection-2/another-page/",
        "expired": false,
        "slug": "another-page",
        "expire_at": null,
        "go_live_at": null
    },
    "model": "wagtailcore.page",
    "pk": 20
},
{
    "fields": {
        "locked": false,
        "title": "Your body",
        "numchild": 1,
        "show_in_menus": false,
        "live": true,
        "seo_title": "",
        "latest_revision_created_at": "2015-06-23T08:18:27.032Z",
        "depth": 4,
        "search_description": "",
        "content_type": [
            "core",
            "sectionpage"
        ],
        "has_unpublished_changes": false,
        "owner": [
            "root"
        ],
        "path": "0001000100010005",
        "first_published_at": "2015-06-23T07:33:59.170Z",
        "url_path": "/home/english/your-body/",
        "expired": false,
        "slug": "your-body",
        "expire_at": null,
        "go_live_at": null
    },
    "model": "wagtailcore.page",
    "pk": 21
},
{
    "fields": {
        "locked": false,
        "title": "Your body subsection",
        "numchild": 2,
        "show_in_menus": false,
        "live": true,
        "seo_title": "",
        "latest_revision_created_at": "2015-06-23T07:34:45.929Z",
        "depth": 5,
        "search_description": "",
        "content_type": [
            "core",
            "sectionpage"
        ],
        "has_unpublished_changes": false,
        "owner": [
            "root"
        ],
        "path": "00010001000100050001",
        "first_published_at": "2015-06-09T12:22:13.064Z",
        "url_path": "/home/english/your-body/your-body-subsection/",
        "expired": false,
        "slug": "your-body-subsection",
        "expire_at": null,
        "go_live_at": null
    },
    "model": "wagtailcore.page",
    "pk": 22
},
{
    "fields": {
        "locked": false,
        "title": "Page 1",
        "numchild": 0,
        "show_in_menus": true,
        "live": true,
        "seo_title": "",
        "latest_revision_created_at": "2015-06-23T11:37:47.741Z",
        "depth": 6,
        "search_description": "",
        "content_type": [
            "core",
            "articlepage"
        ],
        "has_unpublished_changes": false,
        "owner": [
            "root"
        ],
        "path": "000100010001000500010001",
        "first_published_at": "2015-06-11T12:53:00Z",
        "url_path": "/home/english/your-body/your-body-subsection/page-1/",
        "expired": false,
        "slug": "page-1",
        "expire_at": null,
        "go_live_at": null
    },
    "model": "wagtailcore.page",
    "pk": 23
},
{
    "fields": {
        "locked": false,
        "title": "Page 2",
        "numchild": 0,
        "show_in_menus": false,
        "live": true,
        "seo_title": "",
        "latest_revision_created_at": "2015-06-23T11:37:56.751Z",
        "depth": 6,
        "search_description": "",
        "content_type": [
            "core",
            "articlepage"
        ],
        "has_unpublished_changes": false,
        "owner": [
            "root"
        ],
        "path": "000100010001000500010002",
        "first_published_at": "2015-06-10T12:53:00Z",
        "url_path": "/home/english/your-body/your-body-subsection/page-2/",
        "expired": false,
        "slug": "page-2",
        "expire_at": null,
        "go_live_at": null
    },
    "model": "wagtailcore.page",
    "pk": 24
},
{
    "fields": {
        "approved_go_live_at": null,
        "created_at": "2015-06-05T13:47:09.428Z",
        "submitted_for_moderation": false,
        "content_json": "{\"code\": \"en\", \"locked\": false, \"title\": \"English\", \"numchild\": 0, \"show_in_menus\": false, \"live\": true, \"seo_title\": \"\", \"search_description\": \"\", \"depth\": 3, \"latest_revision_created_at\": null, \"has_unpublished_changes\": false, \"content_type\": 28, \"path\": \"000100010001\", \"owner\": 1, \"pk\": 5, \"first_published_at\": null, \"url_path\": \"/home/english/\", \"expired\": false, \"slug\": \"english\", \"expire_at\": null, \"go_live_at\": null}",
        "user": [
            "root"
        ],
        "page": 5
    },
    "model": "wagtailcore.pagerevision",
    "pk": 1
},
{
    "fields": {
        "approved_go_live_at": null,
        "created_at": "2015-06-05T13:47:57.102Z",
        "submitted_for_moderation": false,
        "content_json": "{\"locked\": false, \"description\": \"This is your mind section\", \"title\": \"Your mind\", \"numchild\": 0, \"show_in_menus\": false, \"live\": true, \"seo_title\": \"\", \"search_description\": \"\", \"depth\": 4, \"latest_revision_created_at\": null, \"has_unpublished_changes\": false, \"content_type\": 29, \"path\": \"0001000100010001\", \"owner\": 1, \"pk\": 6, \"first_published_at\": null, \"url_path\": \"/home/english/your-mind/\", \"expired\": false, \"slug\": \"your-mind\", \"expire_at\": null, \"go_live_at\": null}",
        "user": [
            "root"
        ],
        "page": 6
    },
    "model": "wagtailcore.pagerevision",
    "pk": 2
},
{
    "fields": {
        "approved_go_live_at": null,
        "created_at": "2015-06-05T19:10:34.641Z",
        "submitted_for_moderation": false,
        "content_json": "{\"code\": \"zu\", \"locked\": false, \"title\": \"Zulu\", \"numchild\": 0, \"show_in_menus\": false, \"live\": true, \"seo_title\": \"\", \"search_description\": \"\", \"depth\": 3, \"latest_revision_created_at\": null, \"has_unpublished_changes\": false, \"content_type\": 28, \"path\": \"000100010002\", \"owner\": 1, \"pk\": 8, \"first_published_at\": null, \"url_path\": \"/home/zulu/\", \"expired\": false, \"slug\": \"zulu\", \"expire_at\": null, \"go_live_at\": null}",
        "user": [
            "root"
        ],
        "page": 8
    },
    "model": "wagtailcore.pagerevision",
    "pk": 4
},
{
    "fields": {
        "approved_go_live_at": null,
        "created_at": "2015-06-09T12:22:12.655Z",
        "submitted_for_moderation": false,
        "content_json": "{\"image\": 2, \"search_description\": \"\", \"owner\": 1, \"latest_revision_created_at\": null, \"go_live_at\": null, \"title\": \"Your mind subsection\", \"seo_title\": \"\", \"slug\": \"your-mind-subsection\", \"live\": true, \"has_unpublished_changes\": false, \"description\": \"A nice description about this sub section\", \"numchild\": 0, \"content_type\": 29, \"show_in_menus\": false, \"path\": \"00010001000100010002\", \"url_path\": \"/home/english/your-mind/your-mind-subsection/\", \"expired\": false, \"pk\": 9, \"locked\": false, \"depth\": 5, \"first_published_at\": null, \"expire_at\": null}",
        "user": [
            "root"
        ],
        "page": 9
    },
    "model": "wagtailcore.pagerevision",
    "pk": 5
},
{
    "fields": {
        "approved_go_live_at": null,
        "created_at": "2015-06-10T12:53:00.045Z",
        "submitted_for_moderation": false,
        "content_json": "{\"image\": null, \"search_description\": \"\", \"owner\": 1, \"latest_revision_created_at\": null, \"go_live_at\": null, \"title\": \"Your mind subsection 2\", \"seo_title\": \"\", \"slug\": \"your-mind-subsection-2\", \"live\": true, \"has_unpublished_changes\": false, \"description\": \"Another subsection for your mind\", \"numchild\": 0, \"content_type\": 29, \"show_in_menus\": false, \"path\": \"00010001000100010003\", \"url_path\": \"/home/english/your-mind/your-mind-subsection-2/\", \"expired\": false, \"pk\": 10, \"locked\": false, \"depth\": 5, \"first_published_at\": null, \"expire_at\": null}",
        "user": [
            "root"
        ],
        "page": 10
    },
    "model": "wagtailcore.pagerevision",
    "pk": 8
},
{
    "fields": {
        "approved_go_live_at": null,
        "created_at": "2015-06-10T12:53:43.129Z",
        "submitted_for_moderation": false,
        "content_json": "{\"subtitle\": \"Lorem ipsum dolor sit amet, veri modus scripserit qui no.\", \"image\": null, \"search_description\": \"\", \"owner\": 1, \"latest_revision_created_at\": null, \"go_live_at\": null, \"title\": \"Page 1\", \"seo_title\": \"\", \"slug\": \"page-1\", \"live\": true, \"has_unpublished_changes\": false, \"body\": \"[{\\\"type\\\": \\\"paragraph\\\", \\\"value\\\": \\\"Lorem ipsum dolor sit amet, veri modus scripserit qui no. Sumo legendos ex pro, eum elit qualisque salutatus an. Tincidunt sadipscing qui eu, eos ei esse autem eripuit. Eros blandit pri an, id erat debet percipitur eam.\\\\r\\\\n\\\\r\\\\nBonorum omnesque cu vim. Vel ei veniam forensibus, quo dico nihil epicuri ne, ex scripserit instructior vel. Munere labitur epicuri ius te, id quem doctus legendos pri. Est sale nobis repudiandae no, eu vix ponderum oportere, ignota dissentiet instructior id vix.\\\\r\\\\n\\\\r\\\\nElit possit at eam. Usu posse habemus ei. Dicit voluptatum mel id. Magna vocent voluptatibus sea in, ne omnium scripta denique mea.\\\\r\\\\n\\\\r\\\\nSed an ullum epicuri menandri. Ad duo mundi fabulas vocibus, cum novum option deserunt et, nobis dolor eos ei. Ne suas vituperatoribus quo. Ius mollis tincidunt conceptam eu.\\\\r\\\\n\\\\r\\\\nSed exerci aliquam aliquando ex, ne postulant principes per. In dicat salutatus concludaturque est, mel te tota latine labores. Ne purto volutpat scribentur duo. In oblique virtute offendit eum.\\\"}]\", \"numchild\": 0, \"content_type\": 30, \"show_in_menus\": false, \"path\": \"000100010001000100030001\", \"url_path\": \"/home/english/your-mind/your-mind-subsection-2/page-1/\", \"expired\": false, \"pk\": 11, \"locked\": false, \"depth\": 6, \"first_published_at\": null, \"expire_at\": null}",
        "user": [
            "root"
        ],
        "page": 11
    },
    "model": "wagtailcore.pagerevision",
    "pk": 9
},
{
    "fields": {
        "approved_go_live_at": null,
        "created_at": "2015-06-10T12:53:43.129Z",
        "submitted_for_moderation": false,
        "content_json": "{\"subtitle\": \"Lorem ipsum dolor sit amet, veri modus scripserit qui no.\", \"image\": null, \"seo_title\": \"\", \"owner\": 1, \"latest_revision_created_at\": null, \"go_live_at\": null, \"title\": \"Page 1\", \"search_description\": \"\", \"live\": true, \"has_unpublished_changes\": false, \"pk\": 12, \"body\": \"[{\\\"type\\\": \\\"paragraph\\\", \\\"value\\\": \\\"Lorem ipsum dolor sit amet, veri modus scripserit qui no. Sumo legendos ex pro, eum elit qualisque salutatus an. Tincidunt sadipscing qui eu, eos ei esse autem eripuit. Eros blandit pri an, id erat debet percipitur eam.\\\\r\\\\n\\\\r\\\\nBonorum omnesque cu vim. Vel ei veniam forensibus, quo dico nihil epicuri ne, ex scripserit instructior vel. Munere labitur epicuri ius te, id quem doctus legendos pri. Est sale nobis repudiandae no, eu vix ponderum oportere, ignota dissentiet instructior id vix.\\\\r\\\\n\\\\r\\\\nElit possit at eam. Usu posse habemus ei. Dicit voluptatum mel id. Magna vocent voluptatibus sea in, ne omnium scripta denique mea.\\\\r\\\\n\\\\r\\\\nSed an ullum epicuri menandri. Ad duo mundi fabulas vocibus, cum novum option deserunt et, nobis dolor eos ei. Ne suas vituperatoribus quo. Ius mollis tincidunt conceptam eu.\\\\r\\\\n\\\\r\\\\nSed exerci aliquam aliquando ex, ne postulant principes per. In dicat salutatus concludaturque est, mel te tota latine labores. Ne purto volutpat scribentur duo. In oblique virtute offendit eum.\\\"}]\", \"numchild\": 0, \"content_type\": 30, \"show_in_menus\": false, \"path\": \"000100010001000100030001\", \"url_path\": \"/home/english/your-mind/your-mind-subsection-2/page-1/\", \"expired\": false, \"slug\": \"page-1\", \"locked\": false, \"depth\": 6, \"first_published_at\": null, \"expire_at\": null}",
        "user": [
            "root"
        ],
        "page": 12
    },
    "model": "wagtailcore.pagerevision",
    "pk": 10
},
{
    "fields": {
        "approved_go_live_at": null,
        "created_at": "2015-06-10T12:54:00.031Z",
        "submitted_for_moderation": false,
        "content_json": "{\"subtitle\": \"Lorem ipsum dolor sit amet, veri modus scripserit qui no.\", \"image\": null, \"search_description\": \"\", \"owner\": 1, \"latest_revision_created_at\": \"2015-06-10T12:53:43.129Z\", \"go_live_at\": null, \"title\": \"Page 2\", \"seo_title\": \"\", \"slug\": \"page-2\", \"live\": true, \"has_unpublished_changes\": false, \"body\": \"[{\\\"type\\\": \\\"paragraph\\\", \\\"value\\\": \\\"Lorem ipsum dolor sit amet, veri modus scripserit qui no. Sumo legendos ex pro, eum elit qualisque salutatus an. Tincidunt sadipscing qui eu, eos ei esse autem eripuit. Eros blandit pri an, id erat debet percipitur eam.\\\\r\\\\n\\\\r\\\\nBonorum omnesque cu vim. Vel ei veniam forensibus, quo dico nihil epicuri ne, ex scripserit instructior vel. Munere labitur epicuri ius te, id quem doctus legendos pri. Est sale nobis repudiandae no, eu vix ponderum oportere, ignota dissentiet instructior id vix.\\\\r\\\\n\\\\r\\\\nElit possit at eam. Usu posse habemus ei. Dicit voluptatum mel id. Magna vocent voluptatibus sea in, ne omnium scripta denique mea.\\\\r\\\\n\\\\r\\\\nSed an ullum epicuri menandri. Ad duo mundi fabulas vocibus, cum novum option deserunt et, nobis dolor eos ei. Ne suas vituperatoribus quo. Ius mollis tincidunt conceptam eu.\\\\r\\\\n\\\\r\\\\nSed exerci aliquam aliquando ex, ne postulant principes per. In dicat salutatus concludaturque est, mel te tota latine labores. Ne purto volutpat scribentur duo. In oblique virtute offendit eum.\\\"}]\", \"numchild\": 0, \"content_type\": 30, \"show_in_menus\": false, \"path\": \"000100010001000100030002\", \"url_path\": \"/home/english/your-mind/your-mind-subsection-2/page-1/\", \"expired\": false, \"pk\": 12, \"locked\": false, \"depth\": 6, \"first_published_at\": \"2015-06-10T12:53:43.515Z\", \"expire_at\": null}",
        "user": [
            "root"
        ],
        "page": 12
    },
    "model": "wagtailcore.pagerevision",
    "pk": 11
},
{
    "fields": {
        "approved_go_live_at": null,
        "created_at": "2015-06-10T12:53:43.129Z",
        "submitted_for_moderation": false,
        "content_json": "{\"subtitle\": \"Lorem ipsum dolor sit amet, veri modus scripserit qui no.\", \"image\": null, \"seo_title\": \"\", \"owner\": 1, \"latest_revision_created_at\": null, \"go_live_at\": null, \"title\": \"Page 1\", \"search_description\": \"\", \"live\": true, \"has_unpublished_changes\": false, \"pk\": 13, \"body\": \"[{\\\"type\\\": \\\"paragraph\\\", \\\"value\\\": \\\"Lorem ipsum dolor sit amet, veri modus scripserit qui no. Sumo legendos ex pro, eum elit qualisque salutatus an. Tincidunt sadipscing qui eu, eos ei esse autem eripuit. Eros blandit pri an, id erat debet percipitur eam.\\\\r\\\\n\\\\r\\\\nBonorum omnesque cu vim. Vel ei veniam forensibus, quo dico nihil epicuri ne, ex scripserit instructior vel. Munere labitur epicuri ius te, id quem doctus legendos pri. Est sale nobis repudiandae no, eu vix ponderum oportere, ignota dissentiet instructior id vix.\\\\r\\\\n\\\\r\\\\nElit possit at eam. Usu posse habemus ei. Dicit voluptatum mel id. Magna vocent voluptatibus sea in, ne omnium scripta denique mea.\\\\r\\\\n\\\\r\\\\nSed an ullum epicuri menandri. Ad duo mundi fabulas vocibus, cum novum option deserunt et, nobis dolor eos ei. Ne suas vituperatoribus quo. Ius mollis tincidunt conceptam eu.\\\\r\\\\n\\\\r\\\\nSed exerci aliquam aliquando ex, ne postulant principes per. In dicat salutatus concludaturque est, mel te tota latine labores. Ne purto volutpat scribentur duo. In oblique virtute offendit eum.\\\"}]\", \"numchild\": 0, \"content_type\": 30, \"show_in_menus\": false, \"path\": \"000100010001000100030001\", \"url_path\": \"/home/english/your-mind/your-mind-subsection-2/page-1/\", \"expired\": false, \"slug\": \"page-1\", \"locked\": false, \"depth\": 6, \"first_published_at\": null, \"expire_at\": null}",
        "user": [
            "root"
        ],
        "page": 13
    },
    "model": "wagtailcore.pagerevision",
    "pk": 12
},
{
    "fields": {
        "approved_go_live_at": null,
        "created_at": "2015-06-10T12:54:09.774Z",
        "submitted_for_moderation": false,
        "content_json": "{\"subtitle\": \"Lorem ipsum dolor sit amet, veri modus scripserit qui no.\", \"image\": null, \"search_description\": \"\", \"owner\": 1, \"latest_revision_created_at\": \"2015-06-10T12:53:43.129Z\", \"go_live_at\": null, \"title\": \"Page 3\", \"seo_title\": \"\", \"slug\": \"page-3\", \"live\": true, \"has_unpublished_changes\": false, \"body\": \"[{\\\"type\\\": \\\"paragraph\\\", \\\"value\\\": \\\"Lorem ipsum dolor sit amet, veri modus scripserit qui no. Sumo legendos ex pro, eum elit qualisque salutatus an. Tincidunt sadipscing qui eu, eos ei esse autem eripuit. Eros blandit pri an, id erat debet percipitur eam.\\\\r\\\\n\\\\r\\\\nBonorum omnesque cu vim. Vel ei veniam forensibus, quo dico nihil epicuri ne, ex scripserit instructior vel. Munere labitur epicuri ius te, id quem doctus legendos pri. Est sale nobis repudiandae no, eu vix ponderum oportere, ignota dissentiet instructior id vix.\\\\r\\\\n\\\\r\\\\nElit possit at eam. Usu posse habemus ei. Dicit voluptatum mel id. Magna vocent voluptatibus sea in, ne omnium scripta denique mea.\\\\r\\\\n\\\\r\\\\nSed an ullum epicuri menandri. Ad duo mundi fabulas vocibus, cum novum option deserunt et, nobis dolor eos ei. Ne suas vituperatoribus quo. Ius mollis tincidunt conceptam eu.\\\\r\\\\n\\\\r\\\\nSed exerci aliquam aliquando ex, ne postulant principes per. In dicat salutatus concludaturque est, mel te tota latine labores. Ne purto volutpat scribentur duo. In oblique virtute offendit eum.\\\"}]\", \"numchild\": 0, \"content_type\": 30, \"show_in_menus\": false, \"path\": \"000100010001000100030003\", \"url_path\": \"/home/english/your-mind/your-mind-subsection-2/page-1/\", \"expired\": false, \"pk\": 13, \"locked\": false, \"depth\": 6, \"first_published_at\": \"2015-06-10T12:53:43.515Z\", \"expire_at\": null}",
        "user": [
            "root"
        ],
        "page": 13
    },
    "model": "wagtailcore.pagerevision",
    "pk": 13
},
{
    "fields": {
        "approved_go_live_at": null,
        "created_at": "2015-06-10T12:53:43.129Z",
        "submitted_for_moderation": false,
        "content_json": "{\"subtitle\": \"Lorem ipsum dolor sit amet, veri modus scripserit qui no.\", \"image\": null, \"seo_title\": \"\", \"owner\": 1, \"latest_revision_created_at\": null, \"go_live_at\": null, \"title\": \"Page 1\", \"search_description\": \"\", \"live\": true, \"has_unpublished_changes\": false, \"pk\": 14, \"body\": \"[{\\\"type\\\": \\\"paragraph\\\", \\\"value\\\": \\\"Lorem ipsum dolor sit amet, veri modus scripserit qui no. Sumo legendos ex pro, eum elit qualisque salutatus an. Tincidunt sadipscing qui eu, eos ei esse autem eripuit. Eros blandit pri an, id erat debet percipitur eam.\\\\r\\\\n\\\\r\\\\nBonorum omnesque cu vim. Vel ei veniam forensibus, quo dico nihil epicuri ne, ex scripserit instructior vel. Munere labitur epicuri ius te, id quem doctus legendos pri. Est sale nobis repudiandae no, eu vix ponderum oportere, ignota dissentiet instructior id vix.\\\\r\\\\n\\\\r\\\\nElit possit at eam. Usu posse habemus ei. Dicit voluptatum mel id. Magna vocent voluptatibus sea in, ne omnium scripta denique mea.\\\\r\\\\n\\\\r\\\\nSed an ullum epicuri menandri. Ad duo mundi fabulas vocibus, cum novum option deserunt et, nobis dolor eos ei. Ne suas vituperatoribus quo. Ius mollis tincidunt conceptam eu.\\\\r\\\\n\\\\r\\\\nSed exerci aliquam aliquando ex, ne postulant principes per. In dicat salutatus concludaturque est, mel te tota latine labores. Ne purto volutpat scribentur duo. In oblique virtute offendit eum.\\\"}]\", \"numchild\": 0, \"content_type\": 30, \"show_in_menus\": false, \"path\": \"000100010001000100030001\", \"url_path\": \"/home/english/your-mind/your-mind-subsection-2/page-1/\", \"expired\": false, \"slug\": \"page-1\", \"locked\": false, \"depth\": 6, \"first_published_at\": null, \"expire_at\": null}",
        "user": [
            "root"
        ],
        "page": 14
    },
    "model": "wagtailcore.pagerevision",
    "pk": 14
},
{
    "fields": {
        "approved_go_live_at": null,
        "created_at": "2015-06-10T12:55:14.770Z",
        "submitted_for_moderation": false,
        "content_json": "{\"subtitle\": \"Lorem ipsum dolor sit amet, veri modus scripserit qui no.\", \"image\": null, \"search_description\": \"\", \"owner\": 1, \"latest_revision_created_at\": \"2015-06-10T12:53:43.129Z\", \"go_live_at\": null, \"title\": \"Page 1\", \"seo_title\": \"\", \"slug\": \"page-1\", \"live\": true, \"has_unpublished_changes\": false, \"body\": \"[{\\\"type\\\": \\\"paragraph\\\", \\\"value\\\": \\\"Lorem ipsum dolor sit amet, veri modus scripserit qui no. Sumo legendos ex pro, eum elit qualisque salutatus an. Tincidunt sadipscing qui eu, eos ei esse autem eripuit. Eros blandit pri an, id erat debet percipitur eam.\\\\r\\\\n\\\\r\\\\nBonorum omnesque cu vim. Vel ei veniam forensibus, quo dico nihil epicuri ne, ex scripserit instructior vel. Munere labitur epicuri ius te, id quem doctus legendos pri. Est sale nobis repudiandae no, eu vix ponderum oportere, ignota dissentiet instructior id vix.\\\\r\\\\n\\\\r\\\\nElit possit at eam. Usu posse habemus ei. Dicit voluptatum mel id. Magna vocent voluptatibus sea in, ne omnium scripta denique mea.\\\\r\\\\n\\\\r\\\\nSed an ullum epicuri menandri. Ad duo mundi fabulas vocibus, cum novum option deserunt et, nobis dolor eos ei. Ne suas vituperatoribus quo. Ius mollis tincidunt conceptam eu.\\\\r\\\\n\\\\r\\\\nSed exerci aliquam aliquando ex, ne postulant principes per. In dicat salutatus concludaturque est, mel te tota latine labores. Ne purto volutpat scribentur duo. In oblique virtute offendit eum.\\\"}]\", \"numchild\": 0, \"content_type\": 30, \"show_in_menus\": false, \"path\": \"000100010001000100020001\", \"url_path\": \"/home/english/your-mind/your-mind-subsection/page-1/\", \"expired\": false, \"pk\": 14, \"locked\": false, \"depth\": 6, \"first_published_at\": \"2015-06-10T12:53:43.515Z\", \"expire_at\": null}",
        "user": [
            "root"
        ],
        "page": 14
    },
    "model": "wagtailcore.pagerevision",
    "pk": 15
},
{
    "fields": {
        "approved_go_live_at": null,
        "created_at": "2015-06-10T12:53:43.129Z",
        "submitted_for_moderation": false,
        "content_json": "{\"subtitle\": \"Lorem ipsum dolor sit amet, veri modus scripserit qui no.\", \"image\": null, \"search_description\": \"\", \"owner\": 1, \"latest_revision_created_at\": null, \"go_live_at\": null, \"title\": \"Page 1\", \"seo_title\": \"\", \"live\": true, \"has_unpublished_changes\": false, \"pk\": 15, \"body\": \"[{\\\"type\\\": \\\"paragraph\\\", \\\"value\\\": \\\"Lorem ipsum dolor sit amet, veri modus scripserit qui no. Sumo legendos ex pro, eum elit qualisque salutatus an. Tincidunt sadipscing qui eu, eos ei esse autem eripuit. Eros blandit pri an, id erat debet percipitur eam.\\\\r\\\\n\\\\r\\\\nBonorum omnesque cu vim. Vel ei veniam forensibus, quo dico nihil epicuri ne, ex scripserit instructior vel. Munere labitur epicuri ius te, id quem doctus legendos pri. Est sale nobis repudiandae no, eu vix ponderum oportere, ignota dissentiet instructior id vix.\\\\r\\\\n\\\\r\\\\nElit possit at eam. Usu posse habemus ei. Dicit voluptatum mel id. Magna vocent voluptatibus sea in, ne omnium scripta denique mea.\\\\r\\\\n\\\\r\\\\nSed an ullum epicuri menandri. Ad duo mundi fabulas vocibus, cum novum option deserunt et, nobis dolor eos ei. Ne suas vituperatoribus quo. Ius mollis tincidunt conceptam eu.\\\\r\\\\n\\\\r\\\\nSed exerci aliquam aliquando ex, ne postulant principes per. In dicat salutatus concludaturque est, mel te tota latine labores. Ne purto volutpat scribentur duo. In oblique virtute offendit eum.\\\"}]\", \"numchild\": 0, \"content_type\": 30, \"show_in_menus\": false, \"path\": \"000100010001000100030001\", \"url_path\": \"/home/english/your-mind/your-mind-subsection-2/page-1/\", \"expired\": false, \"slug\": \"page-1\", \"locked\": false, \"depth\": 6, \"first_published_at\": null, \"expire_at\": null}",
        "user": [
            "root"
        ],
        "page": 15
    },
    "model": "wagtailcore.pagerevision",
    "pk": 16
},
{
    "fields": {
        "approved_go_live_at": null,
        "created_at": "2015-06-10T12:55:14.770Z",
        "submitted_for_moderation": false,
        "content_json": "{\"subtitle\": \"Lorem ipsum dolor sit amet, veri modus scripserit qui no.\", \"image\": null, \"seo_title\": \"\", \"owner\": 1, \"latest_revision_created_at\": \"2015-06-10T12:53:43.129Z\", \"go_live_at\": null, \"title\": \"Page 1\", \"search_description\": \"\", \"live\": true, \"has_unpublished_changes\": false, \"pk\": 15, \"body\": \"[{\\\"type\\\": \\\"paragraph\\\", \\\"value\\\": \\\"Lorem ipsum dolor sit amet, veri modus scripserit qui no. Sumo legendos ex pro, eum elit qualisque salutatus an. Tincidunt sadipscing qui eu, eos ei esse autem eripuit. Eros blandit pri an, id erat debet percipitur eam.\\\\r\\\\n\\\\r\\\\nBonorum omnesque cu vim. Vel ei veniam forensibus, quo dico nihil epicuri ne, ex scripserit instructior vel. Munere labitur epicuri ius te, id quem doctus legendos pri. Est sale nobis repudiandae no, eu vix ponderum oportere, ignota dissentiet instructior id vix.\\\\r\\\\n\\\\r\\\\nElit possit at eam. Usu posse habemus ei. Dicit voluptatum mel id. Magna vocent voluptatibus sea in, ne omnium scripta denique mea.\\\\r\\\\n\\\\r\\\\nSed an ullum epicuri menandri. Ad duo mundi fabulas vocibus, cum novum option deserunt et, nobis dolor eos ei. Ne suas vituperatoribus quo. Ius mollis tincidunt conceptam eu.\\\\r\\\\n\\\\r\\\\nSed exerci aliquam aliquando ex, ne postulant principes per. In dicat salutatus concludaturque est, mel te tota latine labores. Ne purto volutpat scribentur duo. In oblique virtute offendit eum.\\\"}]\", \"numchild\": 0, \"content_type\": 30, \"show_in_menus\": false, \"path\": \"000100010001000100020001\", \"url_path\": \"/home/english/your-mind/your-mind-subsection/page-1/\", \"expired\": false, \"slug\": \"page-1\", \"locked\": false, \"depth\": 6, \"first_published_at\": \"2015-06-10T12:53:43.515Z\", \"expire_at\": null}",
        "user": [
            "root"
        ],
        "page": 15
    },
    "model": "wagtailcore.pagerevision",
    "pk": 17
},
{
    "fields": {
        "approved_go_live_at": null,
        "created_at": "2015-06-10T12:55:24.164Z",
        "submitted_for_moderation": false,
        "content_json": "{\"subtitle\": \"Lorem ipsum dolor sit amet, veri modus scripserit qui no.\", \"image\": null, \"search_description\": \"\", \"owner\": 1, \"latest_revision_created_at\": \"2015-06-10T12:55:14.770Z\", \"go_live_at\": null, \"title\": \"Page 2\", \"seo_title\": \"\", \"slug\": \"page-2\", \"live\": true, \"has_unpublished_changes\": false, \"body\": \"[{\\\"type\\\": \\\"paragraph\\\", \\\"value\\\": \\\"Lorem ipsum dolor sit amet, veri modus scripserit qui no. Sumo legendos ex pro, eum elit qualisque salutatus an. Tincidunt sadipscing qui eu, eos ei esse autem eripuit. Eros blandit pri an, id erat debet percipitur eam.\\\\r\\\\n\\\\r\\\\nBonorum omnesque cu vim. Vel ei veniam forensibus, quo dico nihil epicuri ne, ex scripserit instructior vel. Munere labitur epicuri ius te, id quem doctus legendos pri. Est sale nobis repudiandae no, eu vix ponderum oportere, ignota dissentiet instructior id vix.\\\\r\\\\n\\\\r\\\\nElit possit at eam. Usu posse habemus ei. Dicit voluptatum mel id. Magna vocent voluptatibus sea in, ne omnium scripta denique mea.\\\\r\\\\n\\\\r\\\\nSed an ullum epicuri menandri. Ad duo mundi fabulas vocibus, cum novum option deserunt et, nobis dolor eos ei. Ne suas vituperatoribus quo. Ius mollis tincidunt conceptam eu.\\\\r\\\\n\\\\r\\\\nSed exerci aliquam aliquando ex, ne postulant principes per. In dicat salutatus concludaturque est, mel te tota latine labores. Ne purto volutpat scribentur duo. In oblique virtute offendit eum.\\\"}]\", \"numchild\": 0, \"content_type\": 30, \"show_in_menus\": false, \"path\": \"000100010001000100020002\", \"url_path\": \"/home/english/your-mind/your-mind-subsection/page-1/\", \"expired\": false, \"pk\": 15, \"locked\": false, \"depth\": 6, \"first_published_at\": \"2015-06-10T12:53:43.515Z\", \"expire_at\": null}",
        "user": [
            "root"
        ],
        "page": 15
    },
    "model": "wagtailcore.pagerevision",
    "pk": 18
},
{
    "fields": {
        "approved_go_live_at": null,
        "created_at": "2015-06-12T13:33:35.124Z",
        "submitted_for_moderation": false,
        "content_json": "{\"locked\": false, \"title\": \"Homepage\", \"numchild\": 0, \"show_in_menus\": false, \"live\": true, \"seo_title\": \"\", \"search_description\": \"\", \"depth\": 4, \"latest_revision_created_at\": null, \"has_unpublished_changes\": false, \"content_type\": 2, \"path\": \"0001000100010002\", \"owner\": 1, \"pk\": 16, \"first_published_at\": null, \"url_path\": \"/home/english/homepage/\", \"expired\": false, \"slug\": \"homepage\", \"expire_at\": null, \"go_live_at\": null}",
        "user": [
            "root"
        ],
        "page": 16
    },
    "model": "wagtailcore.pagerevision",
    "pk": 19
},
{
    "fields": {
        "approved_go_live_at": null,
        "created_at": "2015-06-12T14:13:58.472Z",
        "submitted_for_moderation": false,
        "content_json": "{\"subtitle\": \"This is the terms sub title\", \"image\": null, \"search_description\": \"\", \"owner\": 1, \"latest_revision_created_at\": null, \"go_live_at\": null, \"title\": \"Terms\", \"seo_title\": \"\", \"slug\": \"terms\", \"live\": true, \"has_unpublished_changes\": false, \"body\": \"[{\\\"type\\\": \\\"paragraph\\\", \\\"value\\\": \\\"Lorem ipsum dolor sit amet, per dicam libris deleniti ut. Adversarium liberavisse duo ea, id consul audire mediocritatem cum, no summo molestiae ius. Cum soleat albucius assueverit at. Commune quaestio praesent ex nec.\\\\r\\\\n\\\\r\\\\nAn elitr placerat duo. Ex facete mandamus his, oporteat praesent partiendo an mel. Duo iusto impedit convenire ex, qui albucius senserit persecuti ex. Cu pri errem causae, eros sapientem mel eu. Sale mandamus sententiae id eam.\\\\r\\\\n\\\\r\\\\nQui in impetus temporibus repudiandae, reque adolescens vis ea, ei vide zril dignissim vim. Pro nisl sumo tincidunt ut, vim at malis eirmod prompta, ne quo agam noster putant. Mel at dictas aeterno, ne vim tation timeam. Duo ea fugit nullam minimum, nec erat inimicus gubergren ut, eos verear volumus in. Case laudem noster eos cu.\\\\r\\\\n\\\\r\\\\nEu cum causae dolorem, nec prompta docendi in, ut option suscipiantur per. Eos impetus elaboraret no, sea lorem similique id. Eu maiorum eloquentiam consequuntur duo, pertinax elaboraret id nam. Solet luptatum mea in, ei his quod insolens dissentias. Mei ad esse molestiae, labore adipisci erroribus mea ei. Vocibus volutpat aliquando has ei, ea eos falli oporteat deterruisset.\\\\r\\\\n\\\\r\\\\nIdque legere putent ex qui. Dicat sonet menandri usu et, eos in adhuc adolescens, ei has viderer accumsan. Ut ius probo percipit accusamus, vel ex fastidii petentium, dolore accusata eam ex. Ei mei nulla nullam nemore, causae vidisse duo ex. Duo dico eruditi ei.\\\"}]\", \"numchild\": 0, \"content_type\": 31, \"show_in_menus\": false, \"path\": \"0001000100010003\", \"url_path\": \"/home/english/terms/\", \"expired\": false, \"pk\": 17, \"locked\": false, \"depth\": 4, \"first_published_at\": null, \"expire_at\": null}",
        "user": [
            "root"
        ],
        "page": 17
    },
    "model": "wagtailcore.pagerevision",
    "pk": 20
},
{
    "fields": {
        "approved_go_live_at": null,
        "created_at": "2015-06-12T14:14:24.264Z",
        "submitted_for_moderation": false,
        "content_json": "{\"subtitle\": \"This is a privacy subtitle\", \"image\": null, \"search_description\": \"\", \"owner\": 1, \"latest_revision_created_at\": null, \"go_live_at\": null, \"title\": \"Privacy\", \"seo_title\": \"\", \"slug\": \"privacy\", \"live\": true, \"has_unpublished_changes\": false, \"body\": \"[{\\\"type\\\": \\\"paragraph\\\", \\\"value\\\": \\\"Lorem ipsum dolor sit amet, per dicam libris deleniti ut. Adversarium liberavisse duo ea, id consul audire mediocritatem cum, no summo molestiae ius. Cum soleat albucius assueverit at. Commune quaestio praesent ex nec.\\\\r\\\\n\\\\r\\\\nAn elitr placerat duo. Ex facete mandamus his, oporteat praesent partiendo an mel. Duo iusto impedit convenire ex, qui albucius senserit persecuti ex. Cu pri errem causae, eros sapientem mel eu. Sale mandamus sententiae id eam.\\\\r\\\\n\\\\r\\\\nQui in impetus temporibus repudiandae, reque adolescens vis ea, ei vide zril dignissim vim. Pro nisl sumo tincidunt ut, vim at malis eirmod prompta, ne quo agam noster putant. Mel at dictas aeterno, ne vim tation timeam. Duo ea fugit nullam minimum, nec erat inimicus gubergren ut, eos verear volumus in. Case laudem noster eos cu.\\\\r\\\\n\\\\r\\\\nEu cum causae dolorem, nec prompta docendi in, ut option suscipiantur per. Eos impetus elaboraret no, sea lorem similique id. Eu maiorum eloquentiam consequuntur duo, pertinax elaboraret id nam. Solet luptatum mea in, ei his quod insolens dissentias. Mei ad esse molestiae, labore adipisci erroribus mea ei. Vocibus volutpat aliquando has ei, ea eos falli oporteat deterruisset.\\\\r\\\\n\\\\r\\\\nIdque legere putent ex qui. Dicat sonet menandri usu et, eos in adhuc adolescens, ei has viderer accumsan. Ut ius probo percipit accusamus, vel ex fastidii petentium, dolore accusata eam ex. Ei mei nulla nullam nemore, causae vidisse duo ex. Duo dico eruditi ei.\\\"}]\", \"numchild\": 0, \"content_type\": 31, \"show_in_menus\": false, \"path\": \"0001000100010004\", \"url_path\": \"/home/english/privacy/\", \"expired\": false, \"pk\": 18, \"locked\": false, \"depth\": 4, \"first_published_at\": null, \"expire_at\": null}",
        "user": [
            "root"
        ],
        "page": 18
    },
    "model": "wagtailcore.pagerevision",
    "pk": 21
},
{
    "fields": {
        "approved_go_live_at": null,
        "created_at": "2015-06-12T14:42:56.271Z",
        "submitted_for_moderation": false,
        "content_json": "{\"search_description\": \"\", \"banner_link_page\": null, \"latest_revision_created_at\": \"2015-06-12T13:33:35.124Z\", \"go_live_at\": null, \"title\": \"Homepage\", \"expired\": false, \"seo_title\": \"\", \"owner\": 1, \"slug\": \"homepage\", \"live\": true, \"has_unpublished_changes\": false, \"numchild\": 0, \"content_type\": 2, \"show_in_menus\": false, \"path\": \"0001000100010002\", \"url_path\": \"/home/english/homepage/\", \"banner\": 1, \"pk\": 16, \"locked\": false, \"depth\": 4, \"first_published_at\": \"2015-06-12T13:33:35.555Z\", \"expire_at\": null}",
        "user": [
            "root"
        ],
        "page": 16
    },
    "model": "wagtailcore.pagerevision",
    "pk": 22
},
{
    "fields": {
        "approved_go_live_at": null,
        "created_at": "2015-06-12T14:45:39.251Z",
        "submitted_for_moderation": false,
        "content_json": "{\"subtitle\": \"That will never be listed anywhere\", \"image\": 2, \"search_description\": \"\", \"owner\": 1, \"latest_revision_created_at\": null, \"go_live_at\": null, \"title\": \"A sample homepage page\", \"seo_title\": \"\", \"slug\": \"sample-homepage-page\", \"live\": true, \"has_unpublished_changes\": false, \"body\": \"[{\\\"type\\\": \\\"paragraph\\\", \\\"value\\\": \\\"Lorem ipsum dolor sit amet, per dicam libris deleniti ut. Adversarium liberavisse duo ea, id consul audire mediocritatem cum, no summo molestiae ius. Cum soleat albucius assueverit at. Commune quaestio praesent ex nec.\\\\r\\\\n\\\\r\\\\nAn elitr placerat duo. Ex facete mandamus his, oporteat praesent partiendo an mel. Duo iusto impedit convenire ex, qui albucius senserit persecuti ex. Cu pri errem causae, eros sapientem mel eu. Sale mandamus sententiae id eam.\\\\r\\\\n\\\\r\\\\nQui in impetus temporibus repudiandae, reque adolescens vis ea, ei vide zril dignissim vim. Pro nisl sumo tincidunt ut, vim at malis eirmod prompta, ne quo agam noster putant. Mel at dictas aeterno, ne vim tation timeam. Duo ea fugit nullam minimum, nec erat inimicus gubergren ut, eos verear volumus in. Case laudem noster eos cu.\\\\r\\\\n\\\\r\\\\nEu cum causae dolorem, nec prompta docendi in, ut option suscipiantur per. Eos impetus elaboraret no, sea lorem similique id. Eu maiorum eloquentiam consequuntur duo, pertinax elaboraret id nam. Solet luptatum mea in, ei his quod insolens dissentias. Mei ad esse molestiae, labore adipisci erroribus mea ei. Vocibus volutpat aliquando has ei, ea eos falli oporteat deterruisset.\\\\r\\\\n\\\\r\\\\nIdque legere putent ex qui. Dicat sonet menandri usu et, eos in adhuc adolescens, ei has viderer accumsan. Ut ius probo percipit accusamus, vel ex fastidii petentium, dolore accusata eam ex. Ei mei nulla nullam nemore, causae vidisse duo ex. Duo dico eruditi ei.\\\"}]\", \"numchild\": 0, \"content_type\": 30, \"show_in_menus\": false, \"path\": \"00010001000100020001\", \"url_path\": \"/home/english/homepage/sample-homepage-page/\", \"expired\": false, \"pk\": 19, \"locked\": false, \"depth\": 5, \"first_published_at\": null, \"expire_at\": null}",
        "user": [
            "root"
        ],
        "page": 19
    },
    "model": "wagtailcore.pagerevision",
    "pk": 23
},
{
    "fields": {
        "approved_go_live_at": null,
        "created_at": "2015-06-12T14:46:05.889Z",
        "submitted_for_moderation": false,
        "content_json": "{\"search_description\": \"\", \"banner_link_page\": 19, \"latest_revision_created_at\": \"2015-06-12T14:42:56.271Z\", \"go_live_at\": null, \"title\": \"Homepage\", \"expired\": false, \"seo_title\": \"\", \"owner\": 1, \"slug\": \"homepage\", \"live\": true, \"has_unpublished_changes\": false, \"numchild\": 1, \"content_type\": 2, \"show_in_menus\": false, \"path\": \"0001000100010002\", \"url_path\": \"/home/english/homepage/\", \"banner\": 1, \"pk\": 16, \"locked\": false, \"depth\": 4, \"first_published_at\": \"2015-06-12T13:33:35.555Z\", \"expire_at\": null}",
        "user": [
            "root"
        ],
        "page": 16
    },
    "model": "wagtailcore.pagerevision",
    "pk": 24
},
{
    "fields": {
        "approved_go_live_at": null,
        "created_at": "2015-06-14T09:27:20.967Z",
        "submitted_for_moderation": false,
        "content_json": "{\"subtitle\": \"Lorem ipsum dolor sit amet, veri modus scripserit qui no.\", \"image\": null, \"search_description\": \"\", \"owner\": 1, \"latest_revision_created_at\": \"2015-06-10T12:55:14.770Z\", \"go_live_at\": null, \"title\": \"Page 1\", \"seo_title\": \"\", \"slug\": \"page-1\", \"live\": true, \"has_unpublished_changes\": false, \"body\": \"[{\\\"type\\\": \\\"paragraph\\\", \\\"value\\\": \\\"Lorem ipsum dolor sit amet, veri modus scripserit qui no. Sumo legendos ex pro, eum elit qualisque salutatus an. Tincidunt sadipscing qui eu, eos ei esse autem eripuit. Eros blandit pri an, id erat debet percipitur eam.\\\\r\\\\n\\\\r\\\\nBonorum omnesque cu vim. Vel ei veniam forensibus, quo dico nihil epicuri ne, ex scripserit instructior vel. Munere labitur epicuri ius te, id quem doctus legendos pri. Est sale nobis repudiandae no, eu vix ponderum oportere, ignota dissentiet instructior id vix.\\\\r\\\\n\\\\r\\\\nElit possit at eam. Usu posse habemus ei. Dicit voluptatum mel id. Magna vocent voluptatibus sea in, ne omnium scripta denique mea.\\\\r\\\\n\\\\r\\\\nSed an ullum epicuri menandri. Ad duo mundi fabulas vocibus, cum novum option deserunt et, nobis dolor eos ei. Ne suas vituperatoribus quo. Ius mollis tincidunt conceptam eu.\\\\r\\\\n\\\\r\\\\nSed exerci aliquam aliquando ex, ne postulant principes per. In dicat salutatus concludaturque est, mel te tota latine labores. Ne purto volutpat scribentur duo. In oblique virtute offendit eum.\\\"}]\", \"numchild\": 0, \"content_type\": 30, \"show_in_menus\": false, \"path\": \"000100010001000100020001\", \"url_path\": \"/home/english/your-mind/your-mind-subsection/page-1/\", \"expired\": false, \"pk\": 14, \"locked\": false, \"depth\": 6, \"first_published_at\": \"2015-06-11T12:53:00Z\", \"expire_at\": null}",
        "user": [
            "root"
        ],
        "page": 14
    },
    "model": "wagtailcore.pagerevision",
    "pk": 25
},
{
    "fields": {
        "approved_go_live_at": null,
        "created_at": "2015-06-14T09:41:06.515Z",
        "submitted_for_moderation": false,
        "content_json": "{\"subtitle\": \"Lorem ipsum dolor sit amet, veri modus scripserit qui no.\", \"image\": null, \"search_description\": \"\", \"owner\": 1, \"latest_revision_created_at\": \"2015-06-14T09:27:20.967Z\", \"go_live_at\": null, \"title\": \"Page 1\", \"seo_title\": \"\", \"slug\": \"page-1\", \"live\": true, \"has_unpublished_changes\": false, \"body\": \"[{\\\"type\\\": \\\"paragraph\\\", \\\"value\\\": \\\"Lorem ipsum dolor sit amet, veri modus scripserit qui no. Sumo legendos ex pro, eum elit qualisque salutatus an. Tincidunt sadipscing qui eu, eos ei esse autem eripuit. Eros blandit pri an, id erat debet percipitur eam.\\\\r\\\\n\\\\r\\\\nBonorum omnesque cu vim. Vel ei veniam forensibus, quo dico nihil epicuri ne, ex scripserit instructior vel. Munere labitur epicuri ius te, id quem doctus legendos pri. Est sale nobis repudiandae no, eu vix ponderum oportere, ignota dissentiet instructior id vix.\\\\r\\\\n\\\\r\\\\nElit possit at eam. Usu posse habemus ei. Dicit voluptatum mel id. Magna vocent voluptatibus sea in, ne omnium scripta denique mea.\\\\r\\\\n\\\\r\\\\nSed an ullum epicuri menandri. Ad duo mundi fabulas vocibus, cum novum option deserunt et, nobis dolor eos ei. Ne suas vituperatoribus quo. Ius mollis tincidunt conceptam eu.\\\\r\\\\n\\\\r\\\\nSed exerci aliquam aliquando ex, ne postulant principes per. In dicat salutatus concludaturque est, mel te tota latine labores. Ne purto volutpat scribentur duo. In oblique virtute offendit eum.\\\"}]\", \"numchild\": 0, \"content_type\": 30, \"show_in_menus\": true, \"path\": \"000100010001000100020001\", \"url_path\": \"/home/english/your-mind/your-mind-subsection/page-1/\", \"expired\": false, \"pk\": 14, \"locked\": false, \"depth\": 6, \"first_published_at\": \"2015-06-11T12:53:00Z\", \"expire_at\": null}",
        "user": [
            "root"
        ],
        "page": 14
    },
    "model": "wagtailcore.pagerevision",
    "pk": 26
},
{
    "fields": {
        "approved_go_live_at": null,
        "created_at": "2015-06-14T10:28:08.284Z",
        "submitted_for_moderation": false,
        "content_json": "{\"subtitle\": \"Lorem ipsum dolor sit amet, veri modus scripserit qui no.\", \"image\": null, \"search_description\": \"\", \"owner\": 1, \"latest_revision_created_at\": \"2015-06-14T09:41:06.515Z\", \"go_live_at\": null, \"title\": \"Page 1\", \"seo_title\": \"\", \"slug\": \"page-1\", \"live\": true, \"has_unpublished_changes\": false, \"body\": \"[{\\\"type\\\": \\\"paragraph\\\", \\\"value\\\": \\\"Lorem ipsum dolor sit amet, veri modus scripserit qui no. Sumo legendos ex pro, eum elit qualisque salutatus an. Tincidunt sadipscing qui eu, eos ei esse autem eripuit. Eros blandit pri an, id erat debet percipitur eam.\\\\r\\\\n\\\\r\\\\nBonorum omnesque cu vim. Vel ei veniam forensibus, quo dico nihil epicuri ne, ex scripserit instructior vel. Munere labitur epicuri ius te, id quem doctus legendos pri. Est sale nobis repudiandae no, eu vix ponderum oportere, ignota dissentiet instructior id vix.\\\\r\\\\n\\\\r\\\\nElit possit at eam. Usu posse habemus ei. Dicit voluptatum mel id. Magna vocent voluptatibus sea in, ne omnium scripta denique mea.\\\\r\\\\n\\\\r\\\\nSed an ullum epicuri menandri. Ad duo mundi fabulas vocibus, cum novum option deserunt et, nobis dolor eos ei. Ne suas vituperatoribus quo. Ius mollis tincidunt conceptam eu.\\\\r\\\\n\\\\r\\\\nSed exerci aliquam aliquando ex, ne postulant principes per. In dicat salutatus concludaturque est, mel te tota latine labores. Ne purto volutpat scribentur duo. In oblique virtute offendit eum.\\\"}]\", \"numchild\": 0, \"content_type\": 30, \"show_in_menus\": true, \"path\": \"000100010001000100020001\", \"url_path\": \"/home/english/your-mind/your-mind-subsection/page-1/\", \"expired\": false, \"pk\": 14, \"featured_in_section\": false, \"locked\": false, \"featured_in_latest\": true, \"depth\": 6, \"first_published_at\": \"2015-06-11T12:53:00Z\", \"expire_at\": null}",
        "user": [
            "root"
        ],
        "page": 14
    },
    "model": "wagtailcore.pagerevision",
    "pk": 27
},
{
    "fields": {
        "approved_go_live_at": null,
        "created_at": "2015-06-14T10:28:22.903Z",
        "submitted_for_moderation": false,
        "content_json": "{\"subtitle\": \"Lorem ipsum dolor sit amet, veri modus scripserit qui no.\", \"image\": null, \"search_description\": \"\", \"owner\": 1, \"latest_revision_created_at\": \"2015-06-10T12:55:24.164Z\", \"go_live_at\": null, \"title\": \"Page 2\", \"seo_title\": \"\", \"slug\": \"page-2\", \"live\": true, \"has_unpublished_changes\": false, \"body\": \"[{\\\"type\\\": \\\"paragraph\\\", \\\"value\\\": \\\"Lorem ipsum dolor sit amet, veri modus scripserit qui no. Sumo legendos ex pro, eum elit qualisque salutatus an. Tincidunt sadipscing qui eu, eos ei esse autem eripuit. Eros blandit pri an, id erat debet percipitur eam.\\\\r\\\\n\\\\r\\\\nBonorum omnesque cu vim. Vel ei veniam forensibus, quo dico nihil epicuri ne, ex scripserit instructior vel. Munere labitur epicuri ius te, id quem doctus legendos pri. Est sale nobis repudiandae no, eu vix ponderum oportere, ignota dissentiet instructior id vix.\\\\r\\\\n\\\\r\\\\nElit possit at eam. Usu posse habemus ei. Dicit voluptatum mel id. Magna vocent voluptatibus sea in, ne omnium scripta denique mea.\\\\r\\\\n\\\\r\\\\nSed an ullum epicuri menandri. Ad duo mundi fabulas vocibus, cum novum option deserunt et, nobis dolor eos ei. Ne suas vituperatoribus quo. Ius mollis tincidunt conceptam eu.\\\\r\\\\n\\\\r\\\\nSed exerci aliquam aliquando ex, ne postulant principes per. In dicat salutatus concludaturque est, mel te tota latine labores. Ne purto volutpat scribentur duo. In oblique virtute offendit eum.\\\"}]\", \"numchild\": 0, \"content_type\": 30, \"show_in_menus\": false, \"path\": \"000100010001000100020002\", \"url_path\": \"/home/english/your-mind/your-mind-subsection/page-2/\", \"expired\": false, \"pk\": 15, \"featured_in_section\": true, \"locked\": false, \"featured_in_latest\": true, \"depth\": 6, \"first_published_at\": \"2015-06-10T12:53:00Z\", \"expire_at\": null}",
        "user": [
            "root"
        ],
        "page": 15
    },
    "model": "wagtailcore.pagerevision",
    "pk": 28
},
{
    "fields": {
        "approved_go_live_at": null,
        "created_at": "2015-06-14T10:38:19.231Z",
        "submitted_for_moderation": false,
        "content_json": "{\"subtitle\": \"Lorem ipsum dolor sit amet, veri modus scripserit qui no.\", \"image\": null, \"search_description\": \"\", \"owner\": 1, \"latest_revision_created_at\": \"2015-06-14T10:28:22.903Z\", \"go_live_at\": null, \"title\": \"Page 2\", \"seo_title\": \"\", \"slug\": \"page-2\", \"live\": true, \"has_unpublished_changes\": false, \"body\": \"[{\\\"type\\\": \\\"paragraph\\\", \\\"value\\\": \\\"Lorem ipsum dolor sit amet, veri modus scripserit qui no. Sumo legendos ex pro, eum elit qualisque salutatus an. Tincidunt sadipscing qui eu, eos ei esse autem eripuit. Eros blandit pri an, id erat debet percipitur eam.\\\\r\\\\n\\\\r\\\\nBonorum omnesque cu vim. Vel ei veniam forensibus, quo dico nihil epicuri ne, ex scripserit instructior vel. Munere labitur epicuri ius te, id quem doctus legendos pri. Est sale nobis repudiandae no, eu vix ponderum oportere, ignota dissentiet instructior id vix.\\\\r\\\\n\\\\r\\\\nElit possit at eam. Usu posse habemus ei. Dicit voluptatum mel id. Magna vocent voluptatibus sea in, ne omnium scripta denique mea.\\\\r\\\\n\\\\r\\\\nSed an ullum epicuri menandri. Ad duo mundi fabulas vocibus, cum novum option deserunt et, nobis dolor eos ei. Ne suas vituperatoribus quo. Ius mollis tincidunt conceptam eu.\\\\r\\\\n\\\\r\\\\nSed exerci aliquam aliquando ex, ne postulant principes per. In dicat salutatus concludaturque est, mel te tota latine labores. Ne purto volutpat scribentur duo. In oblique virtute offendit eum.\\\"}]\", \"numchild\": 0, \"content_type\": 30, \"show_in_menus\": false, \"path\": \"000100010001000100020002\", \"url_path\": \"/home/english/your-mind/your-mind-subsection/page-2/\", \"expired\": false, \"pk\": 15, \"featured_in_section\": true, \"locked\": false, \"featured_in_latest\": true, \"depth\": 6, \"first_published_at\": \"2015-06-10T12:53:00Z\", \"expire_at\": null}",
        "user": [
            "root"
        ],
        "page": 15
    },
    "model": "wagtailcore.pagerevision",
    "pk": 29
},
{
    "fields": {
        "approved_go_live_at": null,
        "created_at": "2015-06-14T11:56:10.429Z",
        "submitted_for_moderation": false,
        "content_json": "{\"subtitle\": \"Lorem ipsum dolor sit amet, veri modus scripserit qui no.\", \"image\": null, \"search_description\": \"\", \"owner\": 1, \"latest_revision_created_at\": \"2015-06-14T10:28:08.284Z\", \"go_live_at\": null, \"title\": \"Page 1\", \"seo_title\": \"\", \"slug\": \"page-1\", \"live\": true, \"has_unpublished_changes\": false, \"body\": \"[{\\\"type\\\": \\\"paragraph\\\", \\\"value\\\": \\\"*Lorem ipsum* dolor _sit amet_, veri modus scripserit qui no. Sumo legendos ex pro, eum elit qualisque salutatus an. Tincidunt sadipscing qui eu, eos ei esse autem eripuit. Eros blandit pri an, id erat debet percipitur eam.\\\\r\\\\n\\\\r\\\\nBonorum omnesque cu vim. Vel ei veniam forensibus, quo dico nihil epicuri ne, ex scripserit instructior vel. Munere labitur epicuri ius te, id quem doctus legendos pri. Est sale nobis repudiandae no, eu vix ponderum oportere, ignota dissentiet instructior id vix.\\\\r\\\\n\\\\r\\\\nElit possit at eam. Usu posse habemus ei. Dicit voluptatum mel id. Magna vocent voluptatibus sea in, ne omnium scripta denique mea.\\\\r\\\\n\\\\r\\\\nSed an ullum epicuri menandri. Ad duo mundi fabulas vocibus, cum novum option deserunt et, nobis dolor eos ei. Ne suas vituperatoribus quo. Ius mollis tincidunt conceptam eu.\\\\r\\\\n\\\\r\\\\nSed exerci aliquam aliquando ex, ne postulant principes per. In dicat salutatus concludaturque est, mel te tota latine labores. Ne purto volutpat scribentur duo. In oblique virtute offendit eum.\\\"}]\", \"numchild\": 0, \"content_type\": 30, \"show_in_menus\": true, \"path\": \"000100010001000100020001\", \"url_path\": \"/home/english/your-mind/your-mind-subsection/page-1/\", \"expired\": false, \"pk\": 14, \"featured_in_section\": false, \"locked\": false, \"featured_in_latest\": true, \"depth\": 6, \"first_published_at\": \"2015-06-11T12:53:00Z\", \"expire_at\": null}",
        "user": [
            "root"
        ],
        "page": 14
    },
    "model": "wagtailcore.pagerevision",
    "pk": 30
},
{
    "fields": {
        "approved_go_live_at": null,
        "created_at": "2015-06-14T11:56:41.320Z",
        "submitted_for_moderation": false,
        "content_json": "{\"subtitle\": \"Lorem ipsum dolor sit amet, veri modus scripserit qui no.\", \"image\": null, \"search_description\": \"\", \"owner\": 1, \"latest_revision_created_at\": \"2015-06-14T11:56:10.429Z\", \"go_live_at\": null, \"title\": \"Page 1\", \"seo_title\": \"\", \"slug\": \"page-1\", \"live\": true, \"has_unpublished_changes\": false, \"body\": \"[{\\\"type\\\": \\\"paragraph\\\", \\\"value\\\": \\\"**Lorem ipsum** dolor _sit amet_, veri modus scripserit qui no. Sumo legendos ex pro, eum elit qualisque salutatus an. Tincidunt sadipscing qui eu, eos ei esse autem eripuit. Eros blandit pri an, id erat debet percipitur eam.\\\\r\\\\n\\\\r\\\\nBonorum omnesque cu vim. Vel ei veniam forensibus, quo dico nihil epicuri ne, ex scripserit instructior vel. Munere labitur epicuri ius te, id quem doctus legendos pri. Est sale nobis repudiandae no, eu vix ponderum oportere, ignota dissentiet instructior id vix.\\\\r\\\\n\\\\r\\\\nElit possit at eam. Usu posse habemus ei. Dicit voluptatum mel id. Magna vocent voluptatibus sea in, ne omnium scripta denique mea.\\\\r\\\\n\\\\r\\\\nSed an ullum epicuri menandri. Ad duo mundi fabulas vocibus, cum novum option deserunt et, nobis dolor eos ei. Ne suas vituperatoribus quo. Ius mollis tincidunt conceptam eu.\\\\r\\\\n\\\\r\\\\nSed exerci aliquam aliquando ex, ne postulant principes per. In dicat salutatus concludaturque est, mel te tota latine labores. Ne purto volutpat scribentur duo. In oblique virtute offendit eum.\\\"}]\", \"numchild\": 0, \"content_type\": 30, \"show_in_menus\": true, \"path\": \"000100010001000100020001\", \"url_path\": \"/home/english/your-mind/your-mind-subsection/page-1/\", \"expired\": false, \"pk\": 14, \"featured_in_section\": false, \"locked\": false, \"featured_in_latest\": true, \"depth\": 6, \"first_published_at\": \"2015-06-11T12:53:00Z\", \"expire_at\": null}",
        "user": [
            "root"
        ],
        "page": 14
    },
    "model": "wagtailcore.pagerevision",
    "pk": 31
},
{
    "fields": {
        "approved_go_live_at": null,
        "created_at": "2015-06-15T12:24:36.691Z",
        "submitted_for_moderation": false,
        "content_json": "{\"subtitle\": \"Lorem ipsum dolor sit amet, veri modus scripserit qui no.\", \"image\": null, \"search_description\": \"\", \"owner\": 1, \"latest_revision_created_at\": \"2015-06-14T11:56:41.320Z\", \"go_live_at\": null, \"title\": \"Page 1\", \"seo_title\": \"\", \"slug\": \"page-1\", \"live\": true, \"has_unpublished_changes\": false, \"body\": \"[{\\\"type\\\": \\\"paragraph\\\", \\\"value\\\": \\\"**Lorem ipsum** dolor _sit amet_, veri modus scripserit qui no. Sumo legendos ex pro, eum elit qualisque salutatus an. Tincidunt sadipscing qui eu, eos ei esse autem eripuit. Eros blandit pri an, id erat debet percipitur eam.\\\\r\\\\n\\\\r\\\\nBonorum omnesque cu vim. Vel ei veniam forensibus, quo dico nihil epicuri ne, ex scripserit instructior vel. Munere labitur epicuri ius te, id quem doctus legendos pri. Est sale nobis repudiandae no, eu vix ponderum oportere, ignota dissentiet instructior id vix.\\\\r\\\\n\\\\r\\\\nElit possit at eam. Usu posse habemus ei. Dicit voluptatum mel id. Magna vocent voluptatibus sea in, ne omnium scripta denique mea.\\\\r\\\\n\\\\r\\\\n- This is an item\\\\r\\\\n- another item\\\\r\\\\n- and another one\\\\r\\\\n\\\\r\\\\nSed an ullum epicuri menandri. Ad duo mundi fabulas vocibus, cum novum option deserunt et, nobis dolor eos ei. Ne suas vituperatoribus quo. Ius mollis tincidunt conceptam eu.\\\\r\\\\n\\\\r\\\\nSed exerci aliquam aliquando ex, ne postulant principes per. In dicat salutatus concludaturque est, mel te tota latine labores. Ne purto volutpat scribentur duo. In oblique virtute offendit eum.\\\"}]\", \"numchild\": 0, \"content_type\": 30, \"show_in_menus\": true, \"path\": \"000100010001000100020001\", \"url_path\": \"/home/english/your-mind/your-mind-subsection/page-1/\", \"expired\": false, \"pk\": 14, \"featured_in_section\": false, \"locked\": false, \"featured_in_latest\": true, \"depth\": 6, \"first_published_at\": \"2015-06-11T12:53:00Z\", \"expire_at\": null}",
        "user": [
            "root"
        ],
        "page": 14
    },
    "model": "wagtailcore.pagerevision",
    "pk": 32
},
{
    "fields": {
        "approved_go_live_at": null,
        "created_at": "2015-06-15T12:30:50.264Z",
        "submitted_for_moderation": false,
        "content_json": "{\"subtitle\": \"Lorem ipsum dolor sit amet, veri modus scripserit qui no.\", \"image\": null, \"search_description\": \"\", \"owner\": 1, \"latest_revision_created_at\": \"2015-06-15T12:24:36.691Z\", \"go_live_at\": null, \"title\": \"Page 1\", \"seo_title\": \"\", \"slug\": \"page-1\", \"live\": true, \"has_unpublished_changes\": false, \"body\": \"[{\\\"type\\\": \\\"paragraph\\\", \\\"value\\\": \\\"**Lorem ipsum** dolor _sit amet_, veri modus scripserit qui no. Sumo legendos ex pro, eum elit qualisque salutatus an. Tincidunt sadipscing qui eu, eos ei esse autem eripuit. Eros blandit pri an, id erat debet percipitur eam.\\\\r\\\\n\\\\r\\\\nBonorum omnesque cu vim. Vel ei veniam forensibus, quo dico nihil epicuri ne, ex scripserit instructior vel. Munere labitur epicuri ius te, id quem doctus legendos pri. Est sale nobis repudiandae no, eu vix ponderum oportere, ignota dissentiet instructior id vix.\\\\r\\\\n\\\\r\\\\nElit possit at eam. Usu posse habemus ei. Dicit voluptatum mel id. Magna vocent voluptatibus sea in, ne omnium scripta denique mea.\\\\r\\\\n\\\\r\\\\n- This is an item\\\\r\\\\n- another item\\\\r\\\\n- and another one\\\\r\\\\n\\\\r\\\\nSed an ullum epicuri menandri. Ad duo mundi fabulas vocibus, cum novum option deserunt et, nobis dolor eos ei. Ne suas vituperatoribus quo. Ius mollis tincidunt conceptam eu.\\\\r\\\\n\\\\r\\\\nSed exerci aliquam aliquando ex, ne postulant principes per. In dicat salutatus concludaturque est, mel te tota latine labores. Ne purto volutpat scribentur duo. In oblique virtute offendit eum.\\\"}, {\\\"type\\\": \\\"numbered_list\\\", \\\"value\\\": [\\\"first item\\\", \\\"second item\\\", \\\"third item\\\"]}]\", \"numchild\": 0, \"content_type\": 30, \"show_in_menus\": true, \"path\": \"000100010001000100020001\", \"url_path\": \"/home/english/your-mind/your-mind-subsection/page-1/\", \"expired\": false, \"pk\": 14, \"featured_in_section\": false, \"locked\": false, \"featured_in_latest\": true, \"depth\": 6, \"first_published_at\": \"2015-06-11T12:53:00Z\", \"expire_at\": null}",
        "user": [
            "root"
        ],
        "page": 14
    },
    "model": "wagtailcore.pagerevision",
    "pk": 33
},
{
    "fields": {
        "approved_go_live_at": null,
        "created_at": "2015-06-19T11:10:26.852Z",
        "submitted_for_moderation": false,
        "content_json": "{\"subtitle\": \"\", \"image\": null, \"search_description\": \"\", \"owner\": 1, \"latest_revision_created_at\": null, \"go_live_at\": null, \"title\": \"Another page\", \"seo_title\": \"\", \"slug\": \"another-page\", \"live\": true, \"has_unpublished_changes\": false, \"body\": \"[{\\\"type\\\": \\\"paragraph\\\", \\\"value\\\": \\\"Lorem ipsum dolor sit amet, nam in modus deleniti vivendum. Ad simul altera moderatius qui. In pri ullum eirmod, vim tibique ancillae voluptatum ex, per eu wisi commune facilisis. Doming noster apeirian te vis, eius nullam efficiendi cum et. Phaedrum expetenda similique ex per.\\\\r\\\\n\\\\r\\\\nSumo melius accommodare eos no, no sed incorrupte accommodare. Vel referrentur complectitur cu. Dicit noster eu vim, sed id quando meliore intellegat. His persius repudiare quaerendum at, ea nam veritus singulis. Est amet malis percipit ad. At sea nostro aliquip commune, ex alia sale pro.\\\\r\\\\n\\\\r\\\\nEam fugit necessitatibus eu, nibh utroque his ei. Ei vim populo eirmod. Vis eu mazim patrioque, vix ea praesent gubergren voluptaria. Id quo sale iusto delicata, est persius splendide percipitur no. Ne nihil legere usu. Ad sed populo saperet officiis.\\\\r\\\\n\\\\r\\\\nVide deseruisse repudiandae et his, vim ei utroque consequuntur definitiones. An civibus detraxit probatus nec, eu his purto facilisis conceptam, ea primis quaestio pro. Vis ex soluta aperiri, euismod sanctus posidonium ne mei. Quodsi equidem gloriatur pri eu, vidit magna legimus cum eu. Nulla mollis partiendo per ad, malorum eripuit abhorreant sit at, sit quodsi impedit cu. Ad erant quaestio voluptaria mei, mei sonet accumsan ea.\\\\r\\\\n\\\\r\\\\nNec te saperet suscipit voluptua. Vidisse nostrud te mea, sed in tota omnis deleniti. An modo moderatius vis, ius summo consectetuer te. Ea mei impetus imperdiet. Et vix posse ponderum euripidis.\\\"}]\", \"numchild\": 0, \"content_type\": 30, \"show_in_menus\": false, \"path\": \"000100010001000100030004\", \"url_path\": \"/home/english/your-mind/your-mind-subsection-2/another-page/\", \"expired\": false, \"pk\": 20, \"featured_in_section\": false, \"locked\": false, \"featured_in_latest\": false, \"depth\": 6, \"first_published_at\": null, \"expire_at\": null}",
        "user": [
            "root"
        ],
        "page": 20
    },
    "model": "wagtailcore.pagerevision",
    "pk": 34
},
{
    "fields": {
        "approved_go_live_at": null,
        "created_at": "2015-06-23T07:33:58.738Z",
        "submitted_for_moderation": false,
        "content_json": "{\"image\": 3, \"search_description\": \"\", \"owner\": 1, \"latest_revision_created_at\": null, \"go_live_at\": null, \"title\": \"Your body\", \"seo_title\": \"\", \"slug\": \"your-body\", \"live\": true, \"has_unpublished_changes\": false, \"description\": \"\", \"numchild\": 0, \"content_type\": 29, \"show_in_menus\": false, \"path\": \"0001000100010005\", \"url_path\": \"/home/english/your-body/\", \"expired\": false, \"pk\": 21, \"locked\": false, \"depth\": 4, \"first_published_at\": null, \"expire_at\": null}",
        "user": [
            "root"
        ],
        "page": 21
    },
    "model": "wagtailcore.pagerevision",
    "pk": 35
},
{
    "fields": {
        "approved_go_live_at": null,
        "created_at": "2015-06-09T12:22:12.655Z",
        "submitted_for_moderation": false,
        "content_json": "{\"image\": 2, \"seo_title\": \"\", \"owner\": 1, \"latest_revision_created_at\": null, \"go_live_at\": null, \"title\": \"Your mind subsection\", \"search_description\": \"\", \"live\": true, \"has_unpublished_changes\": false, \"pk\": 22, \"description\": \"A nice description about this sub section\", \"numchild\": 0, \"content_type\": 29, \"show_in_menus\": false, \"path\": \"00010001000100010002\", \"url_path\": \"/home/english/your-mind/your-mind-subsection/\", \"expired\": false, \"slug\": \"your-mind-subsection\", \"locked\": false, \"depth\": 5, \"first_published_at\": null, \"expire_at\": null}",
        "user": [
            "root"
        ],
        "page": 22
    },
    "model": "wagtailcore.pagerevision",
    "pk": 36
},
{
    "fields": {
        "approved_go_live_at": null,
        "created_at": "2015-06-23T07:34:45.929Z",
        "submitted_for_moderation": false,
        "content_json": "{\"image\": 2, \"search_description\": \"\", \"owner\": 1, \"latest_revision_created_at\": \"2015-06-09T12:22:12.655Z\", \"go_live_at\": null, \"title\": \"Your body subsection\", \"seo_title\": \"\", \"slug\": \"your-body-subsection\", \"live\": true, \"has_unpublished_changes\": false, \"description\": \"A nice description about this sub section\", \"numchild\": 0, \"content_type\": 29, \"show_in_menus\": false, \"path\": \"00010001000100050001\", \"url_path\": \"/home/english/your-body/your-mind-subsection/\", \"expired\": false, \"pk\": 22, \"locked\": false, \"depth\": 5, \"first_published_at\": \"2015-06-09T12:22:13.064Z\", \"expire_at\": null}",
        "user": [
            "root"
        ],
        "page": 22
    },
    "model": "wagtailcore.pagerevision",
    "pk": 37
},
{
    "fields": {
        "approved_go_live_at": null,
        "created_at": "2015-06-10T12:53:43.129Z",
        "submitted_for_moderation": false,
        "content_json": "{\"subtitle\": \"Lorem ipsum dolor sit amet, veri modus scripserit qui no.\", \"image\": null, \"search_description\": \"\", \"owner\": 1, \"latest_revision_created_at\": null, \"go_live_at\": null, \"title\": \"Page 1\", \"seo_title\": \"\", \"live\": true, \"has_unpublished_changes\": false, \"pk\": 23, \"body\": \"[{\\\"type\\\": \\\"paragraph\\\", \\\"value\\\": \\\"Lorem ipsum dolor sit amet, veri modus scripserit qui no. Sumo legendos ex pro, eum elit qualisque salutatus an. Tincidunt sadipscing qui eu, eos ei esse autem eripuit. Eros blandit pri an, id erat debet percipitur eam.\\\\r\\\\n\\\\r\\\\nBonorum omnesque cu vim. Vel ei veniam forensibus, quo dico nihil epicuri ne, ex scripserit instructior vel. Munere labitur epicuri ius te, id quem doctus legendos pri. Est sale nobis repudiandae no, eu vix ponderum oportere, ignota dissentiet instructior id vix.\\\\r\\\\n\\\\r\\\\nElit possit at eam. Usu posse habemus ei. Dicit voluptatum mel id. Magna vocent voluptatibus sea in, ne omnium scripta denique mea.\\\\r\\\\n\\\\r\\\\nSed an ullum epicuri menandri. Ad duo mundi fabulas vocibus, cum novum option deserunt et, nobis dolor eos ei. Ne suas vituperatoribus quo. Ius mollis tincidunt conceptam eu.\\\\r\\\\n\\\\r\\\\nSed exerci aliquam aliquando ex, ne postulant principes per. In dicat salutatus concludaturque est, mel te tota latine labores. Ne purto volutpat scribentur duo. In oblique virtute offendit eum.\\\"}]\", \"numchild\": 0, \"content_type\": 30, \"show_in_menus\": false, \"path\": \"000100010001000100030001\", \"url_path\": \"/home/english/your-mind/your-mind-subsection-2/page-1/\", \"expired\": false, \"slug\": \"page-1\", \"locked\": false, \"depth\": 6, \"first_published_at\": null, \"expire_at\": null}",
        "user": [
            "root"
        ],
        "page": 23
    },
    "model": "wagtailcore.pagerevision",
    "pk": 38
},
{
    "fields": {
        "approved_go_live_at": null,
        "created_at": "2015-06-10T12:55:14.770Z",
        "submitted_for_moderation": false,
        "content_json": "{\"subtitle\": \"Lorem ipsum dolor sit amet, veri modus scripserit qui no.\", \"image\": null, \"seo_title\": \"\", \"owner\": 1, \"latest_revision_created_at\": \"2015-06-10T12:53:43.129Z\", \"go_live_at\": null, \"title\": \"Page 1\", \"search_description\": \"\", \"live\": true, \"has_unpublished_changes\": false, \"pk\": 23, \"body\": \"[{\\\"type\\\": \\\"paragraph\\\", \\\"value\\\": \\\"Lorem ipsum dolor sit amet, veri modus scripserit qui no. Sumo legendos ex pro, eum elit qualisque salutatus an. Tincidunt sadipscing qui eu, eos ei esse autem eripuit. Eros blandit pri an, id erat debet percipitur eam.\\\\r\\\\n\\\\r\\\\nBonorum omnesque cu vim. Vel ei veniam forensibus, quo dico nihil epicuri ne, ex scripserit instructior vel. Munere labitur epicuri ius te, id quem doctus legendos pri. Est sale nobis repudiandae no, eu vix ponderum oportere, ignota dissentiet instructior id vix.\\\\r\\\\n\\\\r\\\\nElit possit at eam. Usu posse habemus ei. Dicit voluptatum mel id. Magna vocent voluptatibus sea in, ne omnium scripta denique mea.\\\\r\\\\n\\\\r\\\\nSed an ullum epicuri menandri. Ad duo mundi fabulas vocibus, cum novum option deserunt et, nobis dolor eos ei. Ne suas vituperatoribus quo. Ius mollis tincidunt conceptam eu.\\\\r\\\\n\\\\r\\\\nSed exerci aliquam aliquando ex, ne postulant principes per. In dicat salutatus concludaturque est, mel te tota latine labores. Ne purto volutpat scribentur duo. In oblique virtute offendit eum.\\\"}]\", \"numchild\": 0, \"content_type\": 30, \"show_in_menus\": false, \"path\": \"000100010001000100020001\", \"url_path\": \"/home/english/your-mind/your-mind-subsection/page-1/\", \"expired\": false, \"slug\": \"page-1\", \"locked\": false, \"depth\": 6, \"first_published_at\": \"2015-06-10T12:53:43.515Z\", \"expire_at\": null}",
        "user": [
            "root"
        ],
        "page": 23
    },
    "model": "wagtailcore.pagerevision",
    "pk": 39
},
{
    "fields": {
        "approved_go_live_at": null,
        "created_at": "2015-06-14T09:27:20.967Z",
        "submitted_for_moderation": false,
        "content_json": "{\"subtitle\": \"Lorem ipsum dolor sit amet, veri modus scripserit qui no.\", \"image\": null, \"seo_title\": \"\", \"owner\": 1, \"latest_revision_created_at\": \"2015-06-10T12:55:14.770Z\", \"go_live_at\": null, \"title\": \"Page 1\", \"search_description\": \"\", \"live\": true, \"has_unpublished_changes\": false, \"pk\": 23, \"body\": \"[{\\\"type\\\": \\\"paragraph\\\", \\\"value\\\": \\\"Lorem ipsum dolor sit amet, veri modus scripserit qui no. Sumo legendos ex pro, eum elit qualisque salutatus an. Tincidunt sadipscing qui eu, eos ei esse autem eripuit. Eros blandit pri an, id erat debet percipitur eam.\\\\r\\\\n\\\\r\\\\nBonorum omnesque cu vim. Vel ei veniam forensibus, quo dico nihil epicuri ne, ex scripserit instructior vel. Munere labitur epicuri ius te, id quem doctus legendos pri. Est sale nobis repudiandae no, eu vix ponderum oportere, ignota dissentiet instructior id vix.\\\\r\\\\n\\\\r\\\\nElit possit at eam. Usu posse habemus ei. Dicit voluptatum mel id. Magna vocent voluptatibus sea in, ne omnium scripta denique mea.\\\\r\\\\n\\\\r\\\\nSed an ullum epicuri menandri. Ad duo mundi fabulas vocibus, cum novum option deserunt et, nobis dolor eos ei. Ne suas vituperatoribus quo. Ius mollis tincidunt conceptam eu.\\\\r\\\\n\\\\r\\\\nSed exerci aliquam aliquando ex, ne postulant principes per. In dicat salutatus concludaturque est, mel te tota latine labores. Ne purto volutpat scribentur duo. In oblique virtute offendit eum.\\\"}]\", \"numchild\": 0, \"content_type\": 30, \"show_in_menus\": false, \"path\": \"000100010001000100020001\", \"url_path\": \"/home/english/your-mind/your-mind-subsection/page-1/\", \"expired\": false, \"slug\": \"page-1\", \"locked\": false, \"depth\": 6, \"first_published_at\": \"2015-06-11T12:53:00Z\", \"expire_at\": null}",
        "user": [
            "root"
        ],
        "page": 23
    },
    "model": "wagtailcore.pagerevision",
    "pk": 40
},
{
    "fields": {
        "approved_go_live_at": null,
        "created_at": "2015-06-14T09:41:06.515Z",
        "submitted_for_moderation": false,
        "content_json": "{\"subtitle\": \"Lorem ipsum dolor sit amet, veri modus scripserit qui no.\", \"image\": null, \"seo_title\": \"\", \"owner\": 1, \"latest_revision_created_at\": \"2015-06-14T09:27:20.967Z\", \"go_live_at\": null, \"title\": \"Page 1\", \"search_description\": \"\", \"live\": true, \"has_unpublished_changes\": false, \"pk\": 23, \"body\": \"[{\\\"type\\\": \\\"paragraph\\\", \\\"value\\\": \\\"Lorem ipsum dolor sit amet, veri modus scripserit qui no. Sumo legendos ex pro, eum elit qualisque salutatus an. Tincidunt sadipscing qui eu, eos ei esse autem eripuit. Eros blandit pri an, id erat debet percipitur eam.\\\\r\\\\n\\\\r\\\\nBonorum omnesque cu vim. Vel ei veniam forensibus, quo dico nihil epicuri ne, ex scripserit instructior vel. Munere labitur epicuri ius te, id quem doctus legendos pri. Est sale nobis repudiandae no, eu vix ponderum oportere, ignota dissentiet instructior id vix.\\\\r\\\\n\\\\r\\\\nElit possit at eam. Usu posse habemus ei. Dicit voluptatum mel id. Magna vocent voluptatibus sea in, ne omnium scripta denique mea.\\\\r\\\\n\\\\r\\\\nSed an ullum epicuri menandri. Ad duo mundi fabulas vocibus, cum novum option deserunt et, nobis dolor eos ei. Ne suas vituperatoribus quo. Ius mollis tincidunt conceptam eu.\\\\r\\\\n\\\\r\\\\nSed exerci aliquam aliquando ex, ne postulant principes per. In dicat salutatus concludaturque est, mel te tota latine labores. Ne purto volutpat scribentur duo. In oblique virtute offendit eum.\\\"}]\", \"numchild\": 0, \"content_type\": 30, \"show_in_menus\": true, \"path\": \"000100010001000100020001\", \"url_path\": \"/home/english/your-mind/your-mind-subsection/page-1/\", \"expired\": false, \"slug\": \"page-1\", \"locked\": false, \"depth\": 6, \"first_published_at\": \"2015-06-11T12:53:00Z\", \"expire_at\": null}",
        "user": [
            "root"
        ],
        "page": 23
    },
    "model": "wagtailcore.pagerevision",
    "pk": 41
},
{
    "fields": {
        "approved_go_live_at": null,
        "created_at": "2015-06-14T10:28:08.284Z",
        "submitted_for_moderation": false,
        "content_json": "{\"subtitle\": \"Lorem ipsum dolor sit amet, veri modus scripserit qui no.\", \"image\": null, \"seo_title\": \"\", \"owner\": 1, \"latest_revision_created_at\": \"2015-06-14T09:41:06.515Z\", \"go_live_at\": null, \"title\": \"Page 1\", \"search_description\": \"\", \"live\": true, \"has_unpublished_changes\": false, \"pk\": 23, \"body\": \"[{\\\"type\\\": \\\"paragraph\\\", \\\"value\\\": \\\"Lorem ipsum dolor sit amet, veri modus scripserit qui no. Sumo legendos ex pro, eum elit qualisque salutatus an. Tincidunt sadipscing qui eu, eos ei esse autem eripuit. Eros blandit pri an, id erat debet percipitur eam.\\\\r\\\\n\\\\r\\\\nBonorum omnesque cu vim. Vel ei veniam forensibus, quo dico nihil epicuri ne, ex scripserit instructior vel. Munere labitur epicuri ius te, id quem doctus legendos pri. Est sale nobis repudiandae no, eu vix ponderum oportere, ignota dissentiet instructior id vix.\\\\r\\\\n\\\\r\\\\nElit possit at eam. Usu posse habemus ei. Dicit voluptatum mel id. Magna vocent voluptatibus sea in, ne omnium scripta denique mea.\\\\r\\\\n\\\\r\\\\nSed an ullum epicuri menandri. Ad duo mundi fabulas vocibus, cum novum option deserunt et, nobis dolor eos ei. Ne suas vituperatoribus quo. Ius mollis tincidunt conceptam eu.\\\\r\\\\n\\\\r\\\\nSed exerci aliquam aliquando ex, ne postulant principes per. In dicat salutatus concludaturque est, mel te tota latine labores. Ne purto volutpat scribentur duo. In oblique virtute offendit eum.\\\"}]\", \"numchild\": 0, \"content_type\": 30, \"show_in_menus\": true, \"path\": \"000100010001000100020001\", \"url_path\": \"/home/english/your-mind/your-mind-subsection/page-1/\", \"expired\": false, \"slug\": \"page-1\", \"featured_in_section\": false, \"locked\": false, \"featured_in_latest\": true, \"depth\": 6, \"first_published_at\": \"2015-06-11T12:53:00Z\", \"expire_at\": null}",
        "user": [
            "root"
        ],
        "page": 23
    },
    "model": "wagtailcore.pagerevision",
    "pk": 42
},
{
    "fields": {
        "approved_go_live_at": null,
        "created_at": "2015-06-14T11:56:10.429Z",
        "submitted_for_moderation": false,
        "content_json": "{\"subtitle\": \"Lorem ipsum dolor sit amet, veri modus scripserit qui no.\", \"image\": null, \"seo_title\": \"\", \"owner\": 1, \"latest_revision_created_at\": \"2015-06-14T10:28:08.284Z\", \"go_live_at\": null, \"title\": \"Page 1\", \"search_description\": \"\", \"live\": true, \"has_unpublished_changes\": false, \"pk\": 23, \"body\": \"[{\\\"type\\\": \\\"paragraph\\\", \\\"value\\\": \\\"*Lorem ipsum* dolor _sit amet_, veri modus scripserit qui no. Sumo legendos ex pro, eum elit qualisque salutatus an. Tincidunt sadipscing qui eu, eos ei esse autem eripuit. Eros blandit pri an, id erat debet percipitur eam.\\\\r\\\\n\\\\r\\\\nBonorum omnesque cu vim. Vel ei veniam forensibus, quo dico nihil epicuri ne, ex scripserit instructior vel. Munere labitur epicuri ius te, id quem doctus legendos pri. Est sale nobis repudiandae no, eu vix ponderum oportere, ignota dissentiet instructior id vix.\\\\r\\\\n\\\\r\\\\nElit possit at eam. Usu posse habemus ei. Dicit voluptatum mel id. Magna vocent voluptatibus sea in, ne omnium scripta denique mea.\\\\r\\\\n\\\\r\\\\nSed an ullum epicuri menandri. Ad duo mundi fabulas vocibus, cum novum option deserunt et, nobis dolor eos ei. Ne suas vituperatoribus quo. Ius mollis tincidunt conceptam eu.\\\\r\\\\n\\\\r\\\\nSed exerci aliquam aliquando ex, ne postulant principes per. In dicat salutatus concludaturque est, mel te tota latine labores. Ne purto volutpat scribentur duo. In oblique virtute offendit eum.\\\"}]\", \"numchild\": 0, \"content_type\": 30, \"show_in_menus\": true, \"path\": \"000100010001000100020001\", \"url_path\": \"/home/english/your-mind/your-mind-subsection/page-1/\", \"expired\": false, \"slug\": \"page-1\", \"featured_in_section\": false, \"locked\": false, \"featured_in_latest\": true, \"depth\": 6, \"first_published_at\": \"2015-06-11T12:53:00Z\", \"expire_at\": null}",
        "user": [
            "root"
        ],
        "page": 23
    },
    "model": "wagtailcore.pagerevision",
    "pk": 43
},
{
    "fields": {
        "approved_go_live_at": null,
        "created_at": "2015-06-14T11:56:41.320Z",
        "submitted_for_moderation": false,
        "content_json": "{\"subtitle\": \"Lorem ipsum dolor sit amet, veri modus scripserit qui no.\", \"image\": null, \"seo_title\": \"\", \"owner\": 1, \"latest_revision_created_at\": \"2015-06-14T11:56:10.429Z\", \"go_live_at\": null, \"title\": \"Page 1\", \"search_description\": \"\", \"live\": true, \"has_unpublished_changes\": false, \"pk\": 23, \"body\": \"[{\\\"type\\\": \\\"paragraph\\\", \\\"value\\\": \\\"**Lorem ipsum** dolor _sit amet_, veri modus scripserit qui no. Sumo legendos ex pro, eum elit qualisque salutatus an. Tincidunt sadipscing qui eu, eos ei esse autem eripuit. Eros blandit pri an, id erat debet percipitur eam.\\\\r\\\\n\\\\r\\\\nBonorum omnesque cu vim. Vel ei veniam forensibus, quo dico nihil epicuri ne, ex scripserit instructior vel. Munere labitur epicuri ius te, id quem doctus legendos pri. Est sale nobis repudiandae no, eu vix ponderum oportere, ignota dissentiet instructior id vix.\\\\r\\\\n\\\\r\\\\nElit possit at eam. Usu posse habemus ei. Dicit voluptatum mel id. Magna vocent voluptatibus sea in, ne omnium scripta denique mea.\\\\r\\\\n\\\\r\\\\nSed an ullum epicuri menandri. Ad duo mundi fabulas vocibus, cum novum option deserunt et, nobis dolor eos ei. Ne suas vituperatoribus quo. Ius mollis tincidunt conceptam eu.\\\\r\\\\n\\\\r\\\\nSed exerci aliquam aliquando ex, ne postulant principes per. In dicat salutatus concludaturque est, mel te tota latine labores. Ne purto volutpat scribentur duo. In oblique virtute offendit eum.\\\"}]\", \"numchild\": 0, \"content_type\": 30, \"show_in_menus\": true, \"path\": \"000100010001000100020001\", \"url_path\": \"/home/english/your-mind/your-mind-subsection/page-1/\", \"expired\": false, \"slug\": \"page-1\", \"featured_in_section\": false, \"locked\": false, \"featured_in_latest\": true, \"depth\": 6, \"first_published_at\": \"2015-06-11T12:53:00Z\", \"expire_at\": null}",
        "user": [
            "root"
        ],
        "page": 23
    },
    "model": "wagtailcore.pagerevision",
    "pk": 44
},
{
    "fields": {
        "approved_go_live_at": null,
        "created_at": "2015-06-15T12:24:36.691Z",
        "submitted_for_moderation": false,
        "content_json": "{\"subtitle\": \"Lorem ipsum dolor sit amet, veri modus scripserit qui no.\", \"image\": null, \"seo_title\": \"\", \"owner\": 1, \"latest_revision_created_at\": \"2015-06-14T11:56:41.320Z\", \"go_live_at\": null, \"title\": \"Page 1\", \"search_description\": \"\", \"live\": true, \"has_unpublished_changes\": false, \"pk\": 23, \"body\": \"[{\\\"type\\\": \\\"paragraph\\\", \\\"value\\\": \\\"**Lorem ipsum** dolor _sit amet_, veri modus scripserit qui no. Sumo legendos ex pro, eum elit qualisque salutatus an. Tincidunt sadipscing qui eu, eos ei esse autem eripuit. Eros blandit pri an, id erat debet percipitur eam.\\\\r\\\\n\\\\r\\\\nBonorum omnesque cu vim. Vel ei veniam forensibus, quo dico nihil epicuri ne, ex scripserit instructior vel. Munere labitur epicuri ius te, id quem doctus legendos pri. Est sale nobis repudiandae no, eu vix ponderum oportere, ignota dissentiet instructior id vix.\\\\r\\\\n\\\\r\\\\nElit possit at eam. Usu posse habemus ei. Dicit voluptatum mel id. Magna vocent voluptatibus sea in, ne omnium scripta denique mea.\\\\r\\\\n\\\\r\\\\n- This is an item\\\\r\\\\n- another item\\\\r\\\\n- and another one\\\\r\\\\n\\\\r\\\\nSed an ullum epicuri menandri. Ad duo mundi fabulas vocibus, cum novum option deserunt et, nobis dolor eos ei. Ne suas vituperatoribus quo. Ius mollis tincidunt conceptam eu.\\\\r\\\\n\\\\r\\\\nSed exerci aliquam aliquando ex, ne postulant principes per. In dicat salutatus concludaturque est, mel te tota latine labores. Ne purto volutpat scribentur duo. In oblique virtute offendit eum.\\\"}]\", \"numchild\": 0, \"content_type\": 30, \"show_in_menus\": true, \"path\": \"000100010001000100020001\", \"url_path\": \"/home/english/your-mind/your-mind-subsection/page-1/\", \"expired\": false, \"slug\": \"page-1\", \"featured_in_section\": false, \"locked\": false, \"featured_in_latest\": true, \"depth\": 6, \"first_published_at\": \"2015-06-11T12:53:00Z\", \"expire_at\": null}",
        "user": [
            "root"
        ],
        "page": 23
    },
    "model": "wagtailcore.pagerevision",
    "pk": 45
},
{
    "fields": {
        "approved_go_live_at": null,
        "created_at": "2015-06-15T12:30:50.264Z",
        "submitted_for_moderation": false,
        "content_json": "{\"subtitle\": \"Lorem ipsum dolor sit amet, veri modus scripserit qui no.\", \"image\": null, \"seo_title\": \"\", \"owner\": 1, \"latest_revision_created_at\": \"2015-06-15T12:24:36.691Z\", \"go_live_at\": null, \"title\": \"Page 1\", \"search_description\": \"\", \"live\": true, \"has_unpublished_changes\": false, \"pk\": 23, \"body\": \"[{\\\"type\\\": \\\"paragraph\\\", \\\"value\\\": \\\"**Lorem ipsum** dolor _sit amet_, veri modus scripserit qui no. Sumo legendos ex pro, eum elit qualisque salutatus an. Tincidunt sadipscing qui eu, eos ei esse autem eripuit. Eros blandit pri an, id erat debet percipitur eam.\\\\r\\\\n\\\\r\\\\nBonorum omnesque cu vim. Vel ei veniam forensibus, quo dico nihil epicuri ne, ex scripserit instructior vel. Munere labitur epicuri ius te, id quem doctus legendos pri. Est sale nobis repudiandae no, eu vix ponderum oportere, ignota dissentiet instructior id vix.\\\\r\\\\n\\\\r\\\\nElit possit at eam. Usu posse habemus ei. Dicit voluptatum mel id. Magna vocent voluptatibus sea in, ne omnium scripta denique mea.\\\\r\\\\n\\\\r\\\\n- This is an item\\\\r\\\\n- another item\\\\r\\\\n- and another one\\\\r\\\\n\\\\r\\\\nSed an ullum epicuri menandri. Ad duo mundi fabulas vocibus, cum novum option deserunt et, nobis dolor eos ei. Ne suas vituperatoribus quo. Ius mollis tincidunt conceptam eu.\\\\r\\\\n\\\\r\\\\nSed exerci aliquam aliquando ex, ne postulant principes per. In dicat salutatus concludaturque est, mel te tota latine labores. Ne purto volutpat scribentur duo. In oblique virtute offendit eum.\\\"}, {\\\"type\\\": \\\"numbered_list\\\", \\\"value\\\": [\\\"first item\\\", \\\"second item\\\", \\\"third item\\\"]}]\", \"numchild\": 0, \"content_type\": 30, \"show_in_menus\": true, \"path\": \"000100010001000100020001\", \"url_path\": \"/home/english/your-mind/your-mind-subsection/page-1/\", \"expired\": false, \"slug\": \"page-1\", \"featured_in_section\": false, \"locked\": false, \"featured_in_latest\": true, \"depth\": 6, \"first_published_at\": \"2015-06-11T12:53:00Z\", \"expire_at\": null}",
        "user": [
            "root"
        ],
        "page": 23
    },
    "model": "wagtailcore.pagerevision",
    "pk": 46
},
{
    "fields": {
        "approved_go_live_at": null,
        "created_at": "2015-06-23T07:34:47.770Z",
        "submitted_for_moderation": false,
        "content_json": "{\"subtitle\": \"Lorem ipsum dolor sit amet, veri modus scripserit qui no.\", \"image\": null, \"search_description\": \"\", \"owner\": 1, \"latest_revision_created_at\": \"2015-06-15T12:30:50.264Z\", \"go_live_at\": null, \"title\": \"Page 1\", \"seo_title\": \"\", \"slug\": \"page-1\", \"live\": true, \"has_unpublished_changes\": false, \"body\": \"[{\\\"type\\\": \\\"paragraph\\\", \\\"value\\\": \\\"**Lorem ipsum** dolor _sit amet_, veri modus scripserit qui no. Sumo legendos ex pro, eum elit qualisque salutatus an. Tincidunt sadipscing qui eu, eos ei esse autem eripuit. Eros blandit pri an, id erat debet percipitur eam.\\\\r\\\\n\\\\r\\\\nBonorum omnesque cu vim. Vel ei veniam forensibus, quo dico nihil epicuri ne, ex scripserit instructior vel. Munere labitur epicuri ius te, id quem doctus legendos pri. Est sale nobis repudiandae no, eu vix ponderum oportere, ignota dissentiet instructior id vix.\\\\r\\\\n\\\\r\\\\nElit possit at eam. Usu posse habemus ei. Dicit voluptatum mel id. Magna vocent voluptatibus sea in, ne omnium scripta denique mea.\\\\r\\\\n\\\\r\\\\n- This is an item\\\\r\\\\n- another item\\\\r\\\\n- and another one\\\\r\\\\n\\\\r\\\\nSed an ullum epicuri menandri. Ad duo mundi fabulas vocibus, cum novum option deserunt et, nobis dolor eos ei. Ne suas vituperatoribus quo. Ius mollis tincidunt conceptam eu.\\\\r\\\\n\\\\r\\\\nSed exerci aliquam aliquando ex, ne postulant principes per. In dicat salutatus concludaturque est, mel te tota latine labores. Ne purto volutpat scribentur duo. In oblique virtute offendit eum.\\\"}, {\\\"type\\\": \\\"numbered_list\\\", \\\"value\\\": [\\\"first item\\\", \\\"second item\\\", \\\"third item\\\"]}]\", \"numchild\": 0, \"content_type\": 30, \"show_in_menus\": true, \"path\": \"000100010001000500010001\", \"url_path\": \"/home/english/your-body/your-body-subsection/page-1/\", \"expired\": false, \"pk\": 23, \"featured_in_section\": false, \"locked\": false, \"featured_in_latest\": true, \"depth\": 6, \"first_published_at\": \"2015-06-11T12:53:00Z\", \"expire_at\": null}",
        "user": [
            "root"
        ],
        "page": 23
    },
    "model": "wagtailcore.pagerevision",
    "pk": 47
},
{
    "fields": {
        "approved_go_live_at": null,
        "created_at": "2015-06-10T12:53:43.129Z",
        "submitted_for_moderation": false,
        "content_json": "{\"subtitle\": \"Lorem ipsum dolor sit amet, veri modus scripserit qui no.\", \"image\": null, \"seo_title\": \"\", \"owner\": 1, \"latest_revision_created_at\": null, \"go_live_at\": null, \"title\": \"Page 1\", \"search_description\": \"\", \"live\": true, \"has_unpublished_changes\": false, \"pk\": 24, \"body\": \"[{\\\"type\\\": \\\"paragraph\\\", \\\"value\\\": \\\"Lorem ipsum dolor sit amet, veri modus scripserit qui no. Sumo legendos ex pro, eum elit qualisque salutatus an. Tincidunt sadipscing qui eu, eos ei esse autem eripuit. Eros blandit pri an, id erat debet percipitur eam.\\\\r\\\\n\\\\r\\\\nBonorum omnesque cu vim. Vel ei veniam forensibus, quo dico nihil epicuri ne, ex scripserit instructior vel. Munere labitur epicuri ius te, id quem doctus legendos pri. Est sale nobis repudiandae no, eu vix ponderum oportere, ignota dissentiet instructior id vix.\\\\r\\\\n\\\\r\\\\nElit possit at eam. Usu posse habemus ei. Dicit voluptatum mel id. Magna vocent voluptatibus sea in, ne omnium scripta denique mea.\\\\r\\\\n\\\\r\\\\nSed an ullum epicuri menandri. Ad duo mundi fabulas vocibus, cum novum option deserunt et, nobis dolor eos ei. Ne suas vituperatoribus quo. Ius mollis tincidunt conceptam eu.\\\\r\\\\n\\\\r\\\\nSed exerci aliquam aliquando ex, ne postulant principes per. In dicat salutatus concludaturque est, mel te tota latine labores. Ne purto volutpat scribentur duo. In oblique virtute offendit eum.\\\"}]\", \"numchild\": 0, \"content_type\": 30, \"show_in_menus\": false, \"path\": \"000100010001000100030001\", \"url_path\": \"/home/english/your-mind/your-mind-subsection-2/page-1/\", \"expired\": false, \"slug\": \"page-1\", \"locked\": false, \"depth\": 6, \"first_published_at\": null, \"expire_at\": null}",
        "user": [
            "root"
        ],
        "page": 24
    },
    "model": "wagtailcore.pagerevision",
    "pk": 48
},
{
    "fields": {
        "approved_go_live_at": null,
        "created_at": "2015-06-10T12:55:14.770Z",
        "submitted_for_moderation": false,
        "content_json": "{\"subtitle\": \"Lorem ipsum dolor sit amet, veri modus scripserit qui no.\", \"image\": null, \"search_description\": \"\", \"owner\": 1, \"latest_revision_created_at\": \"2015-06-10T12:53:43.129Z\", \"go_live_at\": null, \"title\": \"Page 1\", \"seo_title\": \"\", \"live\": true, \"has_unpublished_changes\": false, \"pk\": 24, \"body\": \"[{\\\"type\\\": \\\"paragraph\\\", \\\"value\\\": \\\"Lorem ipsum dolor sit amet, veri modus scripserit qui no. Sumo legendos ex pro, eum elit qualisque salutatus an. Tincidunt sadipscing qui eu, eos ei esse autem eripuit. Eros blandit pri an, id erat debet percipitur eam.\\\\r\\\\n\\\\r\\\\nBonorum omnesque cu vim. Vel ei veniam forensibus, quo dico nihil epicuri ne, ex scripserit instructior vel. Munere labitur epicuri ius te, id quem doctus legendos pri. Est sale nobis repudiandae no, eu vix ponderum oportere, ignota dissentiet instructior id vix.\\\\r\\\\n\\\\r\\\\nElit possit at eam. Usu posse habemus ei. Dicit voluptatum mel id. Magna vocent voluptatibus sea in, ne omnium scripta denique mea.\\\\r\\\\n\\\\r\\\\nSed an ullum epicuri menandri. Ad duo mundi fabulas vocibus, cum novum option deserunt et, nobis dolor eos ei. Ne suas vituperatoribus quo. Ius mollis tincidunt conceptam eu.\\\\r\\\\n\\\\r\\\\nSed exerci aliquam aliquando ex, ne postulant principes per. In dicat salutatus concludaturque est, mel te tota latine labores. Ne purto volutpat scribentur duo. In oblique virtute offendit eum.\\\"}]\", \"numchild\": 0, \"content_type\": 30, \"show_in_menus\": false, \"path\": \"000100010001000100020001\", \"url_path\": \"/home/english/your-mind/your-mind-subsection/page-1/\", \"expired\": false, \"slug\": \"page-1\", \"locked\": false, \"depth\": 6, \"first_published_at\": \"2015-06-10T12:53:43.515Z\", \"expire_at\": null}",
        "user": [
            "root"
        ],
        "page": 24
    },
    "model": "wagtailcore.pagerevision",
    "pk": 49
},
{
    "fields": {
        "approved_go_live_at": null,
        "created_at": "2015-06-10T12:55:24.164Z",
        "submitted_for_moderation": false,
        "content_json": "{\"subtitle\": \"Lorem ipsum dolor sit amet, veri modus scripserit qui no.\", \"image\": null, \"seo_title\": \"\", \"owner\": 1, \"latest_revision_created_at\": \"2015-06-10T12:55:14.770Z\", \"go_live_at\": null, \"title\": \"Page 2\", \"search_description\": \"\", \"live\": true, \"has_unpublished_changes\": false, \"pk\": 24, \"body\": \"[{\\\"type\\\": \\\"paragraph\\\", \\\"value\\\": \\\"Lorem ipsum dolor sit amet, veri modus scripserit qui no. Sumo legendos ex pro, eum elit qualisque salutatus an. Tincidunt sadipscing qui eu, eos ei esse autem eripuit. Eros blandit pri an, id erat debet percipitur eam.\\\\r\\\\n\\\\r\\\\nBonorum omnesque cu vim. Vel ei veniam forensibus, quo dico nihil epicuri ne, ex scripserit instructior vel. Munere labitur epicuri ius te, id quem doctus legendos pri. Est sale nobis repudiandae no, eu vix ponderum oportere, ignota dissentiet instructior id vix.\\\\r\\\\n\\\\r\\\\nElit possit at eam. Usu posse habemus ei. Dicit voluptatum mel id. Magna vocent voluptatibus sea in, ne omnium scripta denique mea.\\\\r\\\\n\\\\r\\\\nSed an ullum epicuri menandri. Ad duo mundi fabulas vocibus, cum novum option deserunt et, nobis dolor eos ei. Ne suas vituperatoribus quo. Ius mollis tincidunt conceptam eu.\\\\r\\\\n\\\\r\\\\nSed exerci aliquam aliquando ex, ne postulant principes per. In dicat salutatus concludaturque est, mel te tota latine labores. Ne purto volutpat scribentur duo. In oblique virtute offendit eum.\\\"}]\", \"numchild\": 0, \"content_type\": 30, \"show_in_menus\": false, \"path\": \"000100010001000100020002\", \"url_path\": \"/home/english/your-mind/your-mind-subsection/page-1/\", \"expired\": false, \"slug\": \"page-2\", \"locked\": false, \"depth\": 6, \"first_published_at\": \"2015-06-10T12:53:43.515Z\", \"expire_at\": null}",
        "user": [
            "root"
        ],
        "page": 24
    },
    "model": "wagtailcore.pagerevision",
    "pk": 50
},
{
    "fields": {
        "approved_go_live_at": null,
        "created_at": "2015-06-14T10:28:22.903Z",
        "submitted_for_moderation": false,
        "content_json": "{\"subtitle\": \"Lorem ipsum dolor sit amet, veri modus scripserit qui no.\", \"image\": null, \"seo_title\": \"\", \"owner\": 1, \"latest_revision_created_at\": \"2015-06-10T12:55:24.164Z\", \"go_live_at\": null, \"title\": \"Page 2\", \"search_description\": \"\", \"live\": true, \"has_unpublished_changes\": false, \"pk\": 24, \"body\": \"[{\\\"type\\\": \\\"paragraph\\\", \\\"value\\\": \\\"Lorem ipsum dolor sit amet, veri modus scripserit qui no. Sumo legendos ex pro, eum elit qualisque salutatus an. Tincidunt sadipscing qui eu, eos ei esse autem eripuit. Eros blandit pri an, id erat debet percipitur eam.\\\\r\\\\n\\\\r\\\\nBonorum omnesque cu vim. Vel ei veniam forensibus, quo dico nihil epicuri ne, ex scripserit instructior vel. Munere labitur epicuri ius te, id quem doctus legendos pri. Est sale nobis repudiandae no, eu vix ponderum oportere, ignota dissentiet instructior id vix.\\\\r\\\\n\\\\r\\\\nElit possit at eam. Usu posse habemus ei. Dicit voluptatum mel id. Magna vocent voluptatibus sea in, ne omnium scripta denique mea.\\\\r\\\\n\\\\r\\\\nSed an ullum epicuri menandri. Ad duo mundi fabulas vocibus, cum novum option deserunt et, nobis dolor eos ei. Ne suas vituperatoribus quo. Ius mollis tincidunt conceptam eu.\\\\r\\\\n\\\\r\\\\nSed exerci aliquam aliquando ex, ne postulant principes per. In dicat salutatus concludaturque est, mel te tota latine labores. Ne purto volutpat scribentur duo. In oblique virtute offendit eum.\\\"}]\", \"numchild\": 0, \"content_type\": 30, \"show_in_menus\": false, \"path\": \"000100010001000100020002\", \"url_path\": \"/home/english/your-mind/your-mind-subsection/page-2/\", \"expired\": false, \"slug\": \"page-2\", \"featured_in_section\": true, \"locked\": false, \"featured_in_latest\": true, \"depth\": 6, \"first_published_at\": \"2015-06-10T12:53:00Z\", \"expire_at\": null}",
        "user": [
            "root"
        ],
        "page": 24
    },
    "model": "wagtailcore.pagerevision",
    "pk": 51
},
{
    "fields": {
        "approved_go_live_at": null,
        "created_at": "2015-06-14T10:38:19.231Z",
        "submitted_for_moderation": false,
        "content_json": "{\"subtitle\": \"Lorem ipsum dolor sit amet, veri modus scripserit qui no.\", \"image\": null, \"seo_title\": \"\", \"owner\": 1, \"latest_revision_created_at\": \"2015-06-14T10:28:22.903Z\", \"go_live_at\": null, \"title\": \"Page 2\", \"search_description\": \"\", \"live\": true, \"has_unpublished_changes\": false, \"pk\": 24, \"body\": \"[{\\\"type\\\": \\\"paragraph\\\", \\\"value\\\": \\\"Lorem ipsum dolor sit amet, veri modus scripserit qui no. Sumo legendos ex pro, eum elit qualisque salutatus an. Tincidunt sadipscing qui eu, eos ei esse autem eripuit. Eros blandit pri an, id erat debet percipitur eam.\\\\r\\\\n\\\\r\\\\nBonorum omnesque cu vim. Vel ei veniam forensibus, quo dico nihil epicuri ne, ex scripserit instructior vel. Munere labitur epicuri ius te, id quem doctus legendos pri. Est sale nobis repudiandae no, eu vix ponderum oportere, ignota dissentiet instructior id vix.\\\\r\\\\n\\\\r\\\\nElit possit at eam. Usu posse habemus ei. Dicit voluptatum mel id. Magna vocent voluptatibus sea in, ne omnium scripta denique mea.\\\\r\\\\n\\\\r\\\\nSed an ullum epicuri menandri. Ad duo mundi fabulas vocibus, cum novum option deserunt et, nobis dolor eos ei. Ne suas vituperatoribus quo. Ius mollis tincidunt conceptam eu.\\\\r\\\\n\\\\r\\\\nSed exerci aliquam aliquando ex, ne postulant principes per. In dicat salutatus concludaturque est, mel te tota latine labores. Ne purto volutpat scribentur duo. In oblique virtute offendit eum.\\\"}]\", \"numchild\": 0, \"content_type\": 30, \"show_in_menus\": false, \"path\": \"000100010001000100020002\", \"url_path\": \"/home/english/your-mind/your-mind-subsection/page-2/\", \"expired\": false, \"slug\": \"page-2\", \"featured_in_section\": true, \"locked\": false, \"featured_in_latest\": true, \"depth\": 6, \"first_published_at\": \"2015-06-10T12:53:00Z\", \"expire_at\": null}",
        "user": [
            "root"
        ],
        "page": 24
    },
    "model": "wagtailcore.pagerevision",
    "pk": 52
},
{
    "fields": {
        "approved_go_live_at": null,
        "created_at": "2015-06-23T07:34:49.054Z",
        "submitted_for_moderation": false,
        "content_json": "{\"subtitle\": \"Lorem ipsum dolor sit amet, veri modus scripserit qui no.\", \"image\": null, \"search_description\": \"\", \"owner\": 1, \"latest_revision_created_at\": \"2015-06-14T10:38:19.231Z\", \"go_live_at\": null, \"title\": \"Page 2\", \"seo_title\": \"\", \"slug\": \"page-2\", \"live\": true, \"has_unpublished_changes\": false, \"body\": \"[{\\\"type\\\": \\\"paragraph\\\", \\\"value\\\": \\\"Lorem ipsum dolor sit amet, veri modus scripserit qui no. Sumo legendos ex pro, eum elit qualisque salutatus an. Tincidunt sadipscing qui eu, eos ei esse autem eripuit. Eros blandit pri an, id erat debet percipitur eam.\\\\r\\\\n\\\\r\\\\nBonorum omnesque cu vim. Vel ei veniam forensibus, quo dico nihil epicuri ne, ex scripserit instructior vel. Munere labitur epicuri ius te, id quem doctus legendos pri. Est sale nobis repudiandae no, eu vix ponderum oportere, ignota dissentiet instructior id vix.\\\\r\\\\n\\\\r\\\\nElit possit at eam. Usu posse habemus ei. Dicit voluptatum mel id. Magna vocent voluptatibus sea in, ne omnium scripta denique mea.\\\\r\\\\n\\\\r\\\\nSed an ullum epicuri menandri. Ad duo mundi fabulas vocibus, cum novum option deserunt et, nobis dolor eos ei. Ne suas vituperatoribus quo. Ius mollis tincidunt conceptam eu.\\\\r\\\\n\\\\r\\\\nSed exerci aliquam aliquando ex, ne postulant principes per. In dicat salutatus concludaturque est, mel te tota latine labores. Ne purto volutpat scribentur duo. In oblique virtute offendit eum.\\\"}]\", \"numchild\": 0, \"content_type\": 30, \"show_in_menus\": false, \"path\": \"000100010001000500010002\", \"url_path\": \"/home/english/your-body/your-body-subsection/page-2/\", \"expired\": false, \"pk\": 24, \"featured_in_section\": true, \"locked\": false, \"featured_in_latest\": true, \"depth\": 6, \"first_published_at\": \"2015-06-10T12:53:00Z\", \"expire_at\": null}",
        "user": [
            "root"
        ],
        "page": 24
    },
    "model": "wagtailcore.pagerevision",
    "pk": 53
},
{
    "fields": {
        "approved_go_live_at": null,
        "created_at": "2015-06-23T08:18:27.032Z",
        "submitted_for_moderation": false,
        "content_json": "{\"image\": 3, \"search_description\": \"\", \"owner\": 1, \"latest_revision_created_at\": \"2015-06-23T07:33:58.738Z\", \"go_live_at\": null, \"title\": \"Your body\", \"seo_title\": \"\", \"slug\": \"your-body\", \"live\": true, \"has_unpublished_changes\": false, \"description\": \"No his gloriatur necessitatibus, has ad utroque ocurreret. Ei velit noster aliquid vix. An meliore repudiandae has. \", \"numchild\": 1, \"content_type\": 29, \"show_in_menus\": false, \"path\": \"0001000100010005\", \"url_path\": \"/home/english/your-body/\", \"expired\": false, \"pk\": 21, \"locked\": false, \"depth\": 4, \"first_published_at\": \"2015-06-23T07:33:59.170Z\", \"expire_at\": null}",
        "user": [
            "root"
        ],
        "page": 21
    },
    "model": "wagtailcore.pagerevision",
    "pk": 54
},
{
    "fields": {
        "approved_go_live_at": null,
        "created_at": "2015-06-23T08:37:48.668Z",
        "submitted_for_moderation": false,
        "content_json": "{\"subtitle\": \"Lorem ipsum dolor sit amet, veri modus scripserit qui no.\", \"image\": null, \"search_description\": \"\", \"owner\": 1, \"latest_revision_created_at\": \"2015-06-23T07:34:47.770Z\", \"go_live_at\": null, \"title\": \"Page 1\", \"seo_title\": \"\", \"slug\": \"page-1\", \"live\": true, \"has_unpublished_changes\": false, \"body\": \"[{\\\"type\\\": \\\"paragraph\\\", \\\"value\\\": \\\"**Lorem ipsum** dolor _sit amet_, veri modus scripserit qui no. Sumo legendos ex pro, eum elit qualisque salutatus an. Tincidunt sadipscing qui eu, eos ei esse autem eripuit. Eros blandit pri an, id erat debet percipitur eam.\\\\r\\\\n\\\\r\\\\nBonorum omnesque cu vim. Vel ei veniam forensibus, quo dico nihil epicuri ne, ex scripserit instructior vel. Munere labitur epicuri ius te, id quem doctus legendos pri. Est sale nobis repudiandae no, eu vix ponderum oportere, ignota dissentiet instructior id vix.\\\\r\\\\n\\\\r\\\\nElit possit at eam. Usu posse habemus ei. Dicit voluptatum mel id. Magna vocent voluptatibus sea in, ne omnium scripta denique mea.\\\\r\\\\n\\\\r\\\\n- This is an item\\\\r\\\\n- another item\\\\r\\\\n- and another one\\\\r\\\\n\\\\r\\\\nSed an ullum epicuri menandri. Ad duo mundi fabulas vocibus, cum novum option deserunt et, nobis dolor eos ei. Ne suas vituperatoribus quo. Ius mollis tincidunt conceptam eu.\\\\r\\\\n\\\\r\\\\nSed exerci aliquam aliquando ex, ne postulant principes per. In dicat salutatus concludaturque est, mel te tota latine labores. Ne purto volutpat scribentur duo. In oblique virtute offendit eum.\\\"}, {\\\"type\\\": \\\"numbered_list\\\", \\\"value\\\": [\\\"first item\\\", \\\"second item\\\", \\\"third item\\\"]}]\", \"numchild\": 0, \"content_type\": 30, \"show_in_menus\": true, \"path\": \"000100010001000500010001\", \"url_path\": \"/home/english/your-body/your-body-subsection/page-1/\", \"expired\": false, \"pk\": 23, \"featured_in_section\": true, \"locked\": false, \"featured_in_latest\": true, \"depth\": 6, \"first_published_at\": \"2015-06-11T12:53:00Z\", \"expire_at\": null}",
        "user": [
            "root"
        ],
        "page": 23
    },
    "model": "wagtailcore.pagerevision",
    "pk": 55
},
{
    "fields": {
        "approved_go_live_at": null,
        "created_at": "2015-06-23T08:40:58.439Z",
        "submitted_for_moderation": false,
        "content_json": "{\"subtitle\": \"Lorem ipsum dolor sit amet, veri modus scripserit qui no.\", \"image\": null, \"search_description\": \"\", \"owner\": 1, \"latest_revision_created_at\": \"2015-06-15T12:30:50.264Z\", \"go_live_at\": null, \"title\": \"Page 1\", \"seo_title\": \"\", \"slug\": \"page-1\", \"live\": true, \"has_unpublished_changes\": false, \"body\": \"[{\\\"type\\\": \\\"paragraph\\\", \\\"value\\\": \\\"**Lorem ipsum** dolor _sit amet_, veri modus scripserit qui no. Sumo legendos ex pro, eum elit qualisque salutatus an. Tincidunt sadipscing qui eu, eos ei esse autem eripuit. Eros blandit pri an, id erat debet percipitur eam.\\\\r\\\\n\\\\r\\\\nBonorum omnesque cu vim. Vel ei veniam forensibus, quo dico nihil epicuri ne, ex scripserit instructior vel. Munere labitur epicuri ius te, id quem doctus legendos pri. Est sale nobis repudiandae no, eu vix ponderum oportere, ignota dissentiet instructior id vix.\\\\r\\\\n\\\\r\\\\nElit possit at eam. Usu posse habemus ei. Dicit voluptatum mel id. Magna vocent voluptatibus sea in, ne omnium scripta denique mea.\\\\r\\\\n\\\\r\\\\n- This is an item\\\\r\\\\n- another item\\\\r\\\\n- and another one\\\\r\\\\n\\\\r\\\\nSed an ullum epicuri menandri. Ad duo mundi fabulas vocibus, cum novum option deserunt et, nobis dolor eos ei. Ne suas vituperatoribus quo. Ius mollis tincidunt conceptam eu.\\\\r\\\\n\\\\r\\\\nSed exerci aliquam aliquando ex, ne postulant principes per. In dicat salutatus concludaturque est, mel te tota latine labores. Ne purto volutpat scribentur duo. In oblique virtute offendit eum.\\\"}, {\\\"type\\\": \\\"numbered_list\\\", \\\"value\\\": [\\\"first item\\\", \\\"second item\\\", \\\"third item\\\"]}]\", \"numchild\": 0, \"content_type\": 30, \"show_in_menus\": true, \"path\": \"000100010001000100020001\", \"url_path\": \"/home/english/your-mind/your-mind-subsection/page-1/\", \"expired\": false, \"pk\": 14, \"featured_in_section\": true, \"locked\": false, \"featured_in_latest\": true, \"depth\": 6, \"first_published_at\": \"2015-06-11T12:53:00Z\", \"expire_at\": null}",
        "user": [
            "root"
        ],
        "page": 14
    },
    "model": "wagtailcore.pagerevision",
    "pk": 56
},
{
    "fields": {
        "approved_go_live_at": null,
        "created_at": "2015-06-23T08:41:07.155Z",
        "submitted_for_moderation": false,
        "content_json": "{\"subtitle\": \"Lorem ipsum dolor sit amet, veri modus scripserit qui no.\", \"image\": null, \"search_description\": \"\", \"owner\": 1, \"latest_revision_created_at\": \"2015-06-10T12:53:43.129Z\", \"go_live_at\": null, \"title\": \"Page 1\", \"seo_title\": \"\", \"slug\": \"page-1\", \"live\": true, \"has_unpublished_changes\": false, \"body\": \"[{\\\"type\\\": \\\"paragraph\\\", \\\"value\\\": \\\"Lorem ipsum dolor sit amet, veri modus scripserit qui no. Sumo legendos ex pro, eum elit qualisque salutatus an. Tincidunt sadipscing qui eu, eos ei esse autem eripuit. Eros blandit pri an, id erat debet percipitur eam.\\\\r\\\\n\\\\r\\\\nBonorum omnesque cu vim. Vel ei veniam forensibus, quo dico nihil epicuri ne, ex scripserit instructior vel. Munere labitur epicuri ius te, id quem doctus legendos pri. Est sale nobis repudiandae no, eu vix ponderum oportere, ignota dissentiet instructior id vix.\\\\r\\\\n\\\\r\\\\nElit possit at eam. Usu posse habemus ei. Dicit voluptatum mel id. Magna vocent voluptatibus sea in, ne omnium scripta denique mea.\\\\r\\\\n\\\\r\\\\nSed an ullum epicuri menandri. Ad duo mundi fabulas vocibus, cum novum option deserunt et, nobis dolor eos ei. Ne suas vituperatoribus quo. Ius mollis tincidunt conceptam eu.\\\\r\\\\n\\\\r\\\\nSed exerci aliquam aliquando ex, ne postulant principes per. In dicat salutatus concludaturque est, mel te tota latine labores. Ne purto volutpat scribentur duo. In oblique virtute offendit eum.\\\"}]\", \"numchild\": 0, \"content_type\": 30, \"show_in_menus\": false, \"path\": \"000100010001000100030001\", \"url_path\": \"/home/english/your-mind/your-mind-subsection-2/page-1/\", \"expired\": false, \"pk\": 11, \"featured_in_section\": true, \"locked\": false, \"featured_in_latest\": false, \"depth\": 6, \"first_published_at\": \"2015-06-10T12:53:00Z\", \"expire_at\": null}",
        "user": [
            "root"
        ],
        "page": 11
    },
    "model": "wagtailcore.pagerevision",
    "pk": 57
},
{
    "fields": {
        "approved_go_live_at": null,
        "created_at": "2015-06-23T08:41:12.894Z",
        "submitted_for_moderation": false,
        "content_json": "{\"subtitle\": \"Lorem ipsum dolor sit amet, veri modus scripserit qui no.\", \"image\": null, \"search_description\": \"\", \"owner\": 1, \"latest_revision_created_at\": \"2015-06-10T12:54:00.031Z\", \"go_live_at\": null, \"title\": \"Page 2\", \"seo_title\": \"\", \"slug\": \"page-2\", \"live\": true, \"has_unpublished_changes\": false, \"body\": \"[{\\\"type\\\": \\\"paragraph\\\", \\\"value\\\": \\\"Lorem ipsum dolor sit amet, veri modus scripserit qui no. Sumo legendos ex pro, eum elit qualisque salutatus an. Tincidunt sadipscing qui eu, eos ei esse autem eripuit. Eros blandit pri an, id erat debet percipitur eam.\\\\r\\\\n\\\\r\\\\nBonorum omnesque cu vim. Vel ei veniam forensibus, quo dico nihil epicuri ne, ex scripserit instructior vel. Munere labitur epicuri ius te, id quem doctus legendos pri. Est sale nobis repudiandae no, eu vix ponderum oportere, ignota dissentiet instructior id vix.\\\\r\\\\n\\\\r\\\\nElit possit at eam. Usu posse habemus ei. Dicit voluptatum mel id. Magna vocent voluptatibus sea in, ne omnium scripta denique mea.\\\\r\\\\n\\\\r\\\\nSed an ullum epicuri menandri. Ad duo mundi fabulas vocibus, cum novum option deserunt et, nobis dolor eos ei. Ne suas vituperatoribus quo. Ius mollis tincidunt conceptam eu.\\\\r\\\\n\\\\r\\\\nSed exerci aliquam aliquando ex, ne postulant principes per. In dicat salutatus concludaturque est, mel te tota latine labores. Ne purto volutpat scribentur duo. In oblique virtute offendit eum.\\\"}]\", \"numchild\": 0, \"content_type\": 30, \"show_in_menus\": false, \"path\": \"000100010001000100030002\", \"url_path\": \"/home/english/your-mind/your-mind-subsection-2/page-2/\", \"expired\": false, \"pk\": 12, \"featured_in_section\": true, \"locked\": false, \"featured_in_latest\": false, \"depth\": 6, \"first_published_at\": \"2015-06-10T12:53:00Z\", \"expire_at\": null}",
        "user": [
            "root"
        ],
        "page": 12
    },
    "model": "wagtailcore.pagerevision",
    "pk": 58
},
{
    "fields": {
        "approved_go_live_at": null,
        "created_at": "2015-06-23T08:41:20.107Z",
        "submitted_for_moderation": false,
        "content_json": "{\"subtitle\": \"Lorem ipsum dolor sit amet, veri modus scripserit qui no.\", \"image\": null, \"search_description\": \"\", \"owner\": 1, \"latest_revision_created_at\": \"2015-06-10T12:54:09.774Z\", \"go_live_at\": null, \"title\": \"Page 3\", \"seo_title\": \"\", \"slug\": \"page-3\", \"live\": true, \"has_unpublished_changes\": false, \"body\": \"[{\\\"type\\\": \\\"paragraph\\\", \\\"value\\\": \\\"Lorem ipsum dolor sit amet, veri modus scripserit qui no. Sumo legendos ex pro, eum elit qualisque salutatus an. Tincidunt sadipscing qui eu, eos ei esse autem eripuit. Eros blandit pri an, id erat debet percipitur eam.\\\\r\\\\n\\\\r\\\\nBonorum omnesque cu vim. Vel ei veniam forensibus, quo dico nihil epicuri ne, ex scripserit instructior vel. Munere labitur epicuri ius te, id quem doctus legendos pri. Est sale nobis repudiandae no, eu vix ponderum oportere, ignota dissentiet instructior id vix.\\\\r\\\\n\\\\r\\\\nElit possit at eam. Usu posse habemus ei. Dicit voluptatum mel id. Magna vocent voluptatibus sea in, ne omnium scripta denique mea.\\\\r\\\\n\\\\r\\\\nSed an ullum epicuri menandri. Ad duo mundi fabulas vocibus, cum novum option deserunt et, nobis dolor eos ei. Ne suas vituperatoribus quo. Ius mollis tincidunt conceptam eu.\\\\r\\\\n\\\\r\\\\nSed exerci aliquam aliquando ex, ne postulant principes per. In dicat salutatus concludaturque est, mel te tota latine labores. Ne purto volutpat scribentur duo. In oblique virtute offendit eum.\\\"}]\", \"numchild\": 0, \"content_type\": 30, \"show_in_menus\": false, \"path\": \"000100010001000100030003\", \"url_path\": \"/home/english/your-mind/your-mind-subsection-2/page-3/\", \"expired\": false, \"pk\": 13, \"featured_in_section\": true, \"locked\": false, \"featured_in_latest\": false, \"depth\": 6, \"first_published_at\": \"2015-06-10T12:53:00Z\", \"expire_at\": null}",
        "user": [
            "root"
        ],
        "page": 13
    },
    "model": "wagtailcore.pagerevision",
    "pk": 59
},
{
    "fields": {
        "approved_go_live_at": null,
        "created_at": "2015-06-23T08:41:26.298Z",
        "submitted_for_moderation": false,
        "content_json": "{\"subtitle\": \"\", \"image\": null, \"search_description\": \"\", \"owner\": 1, \"latest_revision_created_at\": \"2015-06-19T11:10:26.852Z\", \"go_live_at\": null, \"title\": \"Another page\", \"seo_title\": \"\", \"slug\": \"another-page\", \"live\": true, \"has_unpublished_changes\": false, \"body\": \"[{\\\"type\\\": \\\"paragraph\\\", \\\"value\\\": \\\"Lorem ipsum dolor sit amet, nam in modus deleniti vivendum. Ad simul altera moderatius qui. In pri ullum eirmod, vim tibique ancillae voluptatum ex, per eu wisi commune facilisis. Doming noster apeirian te vis, eius nullam efficiendi cum et. Phaedrum expetenda similique ex per.\\\\r\\\\n\\\\r\\\\nSumo melius accommodare eos no, no sed incorrupte accommodare. Vel referrentur complectitur cu. Dicit noster eu vim, sed id quando meliore intellegat. His persius repudiare quaerendum at, ea nam veritus singulis. Est amet malis percipit ad. At sea nostro aliquip commune, ex alia sale pro.\\\\r\\\\n\\\\r\\\\nEam fugit necessitatibus eu, nibh utroque his ei. Ei vim populo eirmod. Vis eu mazim patrioque, vix ea praesent gubergren voluptaria. Id quo sale iusto delicata, est persius splendide percipitur no. Ne nihil legere usu. Ad sed populo saperet officiis.\\\\r\\\\n\\\\r\\\\nVide deseruisse repudiandae et his, vim ei utroque consequuntur definitiones. An civibus detraxit probatus nec, eu his purto facilisis conceptam, ea primis quaestio pro. Vis ex soluta aperiri, euismod sanctus posidonium ne mei. Quodsi equidem gloriatur pri eu, vidit magna legimus cum eu. Nulla mollis partiendo per ad, malorum eripuit abhorreant sit at, sit quodsi impedit cu. Ad erant quaestio voluptaria mei, mei sonet accumsan ea.\\\\r\\\\n\\\\r\\\\nNec te saperet suscipit voluptua. Vidisse nostrud te mea, sed in tota omnis deleniti. An modo moderatius vis, ius summo consectetuer te. Ea mei impetus imperdiet. Et vix posse ponderum euripidis.\\\"}]\", \"numchild\": 0, \"content_type\": 30, \"show_in_menus\": false, \"path\": \"000100010001000100030004\", \"url_path\": \"/home/english/your-mind/your-mind-subsection-2/another-page/\", \"expired\": false, \"pk\": 20, \"featured_in_section\": true, \"locked\": false, \"featured_in_latest\": false, \"depth\": 6, \"first_published_at\": \"2015-06-19T11:10:00Z\", \"expire_at\": null}",
        "user": [
            "root"
        ],
        "page": 20
    },
    "model": "wagtailcore.pagerevision",
    "pk": 60
},
{
    "fields": {
        "approved_go_live_at": null,
        "created_at": "2015-06-23T11:25:59.302Z",
        "submitted_for_moderation": false,
        "content_json": "{\"subtitle\": \"Lorem ipsum dolor sit amet, veri modus scripserit qui no.\", \"image\": null, \"search_description\": \"\", \"owner\": 1, \"latest_revision_created_at\": \"2015-06-23T08:40:58.439Z\", \"go_live_at\": null, \"title\": \"Page 1\", \"seo_title\": \"\", \"slug\": \"page-1\", \"live\": true, \"has_unpublished_changes\": false, \"body\": \"[{\\\"type\\\": \\\"paragraph\\\", \\\"value\\\": \\\"**Lorem ipsum** dolor _sit amet_, veri modus scripserit qui no. Sumo legendos ex pro, eum elit qualisque salutatus an. Tincidunt sadipscing qui eu, eos ei esse autem eripuit. Eros blandit pri an, id erat debet percipitur eam.\\\\r\\\\n\\\\r\\\\nBonorum omnesque cu vim. Vel ei veniam forensibus, quo dico nihil epicuri ne, ex scripserit instructior vel. Munere labitur epicuri ius te, id quem doctus legendos pri. Est sale nobis repudiandae no, eu vix ponderum oportere, ignota dissentiet instructior id vix.\\\\r\\\\n\\\\r\\\\nElit possit at eam. Usu posse habemus ei. Dicit voluptatum mel id. Magna vocent voluptatibus sea in, ne omnium scripta denique mea.\\\\r\\\\n\\\\r\\\\n- This is an item\\\\r\\\\n- another item\\\\r\\\\n- and another one\\\\r\\\\n\\\\r\\\\nSed an ullum epicuri menandri. Ad duo mundi fabulas vocibus, cum novum option deserunt et, nobis dolor eos ei. Ne suas vituperatoribus quo. Ius mollis tincidunt conceptam eu.\\\\r\\\\n\\\\r\\\\nSed exerci aliquam aliquando ex, ne postulant principes per. In dicat salutatus concludaturque est, mel te tota latine labores. Ne purto volutpat scribentur duo. In oblique virtute offendit eum.\\\"}, {\\\"type\\\": \\\"numbered_list\\\", \\\"value\\\": [\\\"first item\\\", \\\"second item\\\", \\\"third item\\\"]}]\", \"numchild\": 0, \"content_type\": 30, \"show_in_menus\": true, \"path\": \"000100010001000100020001\", \"url_path\": \"/home/english/your-mind/your-mind-subsection/page-1/\", \"expired\": false, \"pk\": 14, \"featured_in_section\": true, \"locked\": false, \"featured_in_latest\": true, \"featured_in_homepage\": true, \"depth\": 6, \"first_published_at\": \"2015-06-11T12:53:00Z\", \"expire_at\": null}",
        "user": [
            "root"
        ],
        "page": 14
    },
    "model": "wagtailcore.pagerevision",
    "pk": 61
},
{
    "fields": {
        "approved_go_live_at": null,
        "created_at": "2015-06-23T11:26:10.470Z",
        "submitted_for_moderation": false,
        "content_json": "{\"subtitle\": \"Lorem ipsum dolor sit amet, veri modus scripserit qui no.\", \"image\": null, \"search_description\": \"\", \"owner\": 1, \"latest_revision_created_at\": \"2015-06-14T10:38:19.231Z\", \"go_live_at\": null, \"title\": \"Page 2\", \"seo_title\": \"\", \"slug\": \"page-2\", \"live\": true, \"has_unpublished_changes\": false, \"body\": \"[{\\\"type\\\": \\\"paragraph\\\", \\\"value\\\": \\\"Lorem ipsum dolor sit amet, veri modus scripserit qui no. Sumo legendos ex pro, eum elit qualisque salutatus an. Tincidunt sadipscing qui eu, eos ei esse autem eripuit. Eros blandit pri an, id erat debet percipitur eam.\\\\r\\\\n\\\\r\\\\nBonorum omnesque cu vim. Vel ei veniam forensibus, quo dico nihil epicuri ne, ex scripserit instructior vel. Munere labitur epicuri ius te, id quem doctus legendos pri. Est sale nobis repudiandae no, eu vix ponderum oportere, ignota dissentiet instructior id vix.\\\\r\\\\n\\\\r\\\\nElit possit at eam. Usu posse habemus ei. Dicit voluptatum mel id. Magna vocent voluptatibus sea in, ne omnium scripta denique mea.\\\\r\\\\n\\\\r\\\\nSed an ullum epicuri menandri. Ad duo mundi fabulas vocibus, cum novum option deserunt et, nobis dolor eos ei. Ne suas vituperatoribus quo. Ius mollis tincidunt conceptam eu.\\\\r\\\\n\\\\r\\\\nSed exerci aliquam aliquando ex, ne postulant principes per. In dicat salutatus concludaturque est, mel te tota latine labores. Ne purto volutpat scribentur duo. In oblique virtute offendit eum.\\\"}]\", \"numchild\": 0, \"content_type\": 30, \"show_in_menus\": false, \"path\": \"000100010001000100020002\", \"url_path\": \"/home/english/your-mind/your-mind-subsection/page-2/\", \"expired\": false, \"pk\": 15, \"featured_in_section\": true, \"locked\": false, \"featured_in_latest\": true, \"featured_in_homepage\": true, \"depth\": 6, \"first_published_at\": \"2015-06-10T12:53:00Z\", \"expire_at\": null}",
        "user": [
            "root"
        ],
        "page": 15
    },
    "model": "wagtailcore.pagerevision",
    "pk": 62
},
{
    "fields": {
        "approved_go_live_at": null,
        "created_at": "2015-06-23T11:37:47.741Z",
        "submitted_for_moderation": false,
        "content_json": "{\"subtitle\": \"Lorem ipsum dolor sit amet, veri modus scripserit qui no.\", \"image\": null, \"search_description\": \"\", \"owner\": 1, \"latest_revision_created_at\": \"2015-06-23T08:37:48.668Z\", \"go_live_at\": null, \"title\": \"Page 1\", \"seo_title\": \"\", \"slug\": \"page-1\", \"live\": true, \"has_unpublished_changes\": false, \"body\": \"[{\\\"type\\\": \\\"paragraph\\\", \\\"value\\\": \\\"**Lorem ipsum** dolor _sit amet_, veri modus scripserit qui no. Sumo legendos ex pro, eum elit qualisque salutatus an. Tincidunt sadipscing qui eu, eos ei esse autem eripuit. Eros blandit pri an, id erat debet percipitur eam.\\\\r\\\\n\\\\r\\\\nBonorum omnesque cu vim. Vel ei veniam forensibus, quo dico nihil epicuri ne, ex scripserit instructior vel. Munere labitur epicuri ius te, id quem doctus legendos pri. Est sale nobis repudiandae no, eu vix ponderum oportere, ignota dissentiet instructior id vix.\\\\r\\\\n\\\\r\\\\nElit possit at eam. Usu posse habemus ei. Dicit voluptatum mel id. Magna vocent voluptatibus sea in, ne omnium scripta denique mea.\\\\r\\\\n\\\\r\\\\n- This is an item\\\\r\\\\n- another item\\\\r\\\\n- and another one\\\\r\\\\n\\\\r\\\\nSed an ullum epicuri menandri. Ad duo mundi fabulas vocibus, cum novum option deserunt et, nobis dolor eos ei. Ne suas vituperatoribus quo. Ius mollis tincidunt conceptam eu.\\\\r\\\\n\\\\r\\\\nSed exerci aliquam aliquando ex, ne postulant principes per. In dicat salutatus concludaturque est, mel te tota latine labores. Ne purto volutpat scribentur duo. In oblique virtute offendit eum.\\\"}, {\\\"type\\\": \\\"numbered_list\\\", \\\"value\\\": [\\\"first item\\\", \\\"second item\\\", \\\"third item\\\"]}]\", \"numchild\": 0, \"content_type\": 30, \"show_in_menus\": true, \"path\": \"000100010001000500010001\", \"url_path\": \"/home/english/your-body/your-body-subsection/page-1/\", \"expired\": false, \"pk\": 23, \"featured_in_section\": true, \"locked\": false, \"featured_in_latest\": true, \"featured_in_homepage\": true, \"depth\": 6, \"first_published_at\": \"2015-06-11T12:53:00Z\", \"expire_at\": null}",
        "user": [
            "root"
        ],
        "page": 23
    },
    "model": "wagtailcore.pagerevision",
    "pk": 63
},
{
    "fields": {
        "approved_go_live_at": null,
        "created_at": "2015-06-23T11:37:56.751Z",
        "submitted_for_moderation": false,
        "content_json": "{\"subtitle\": \"Lorem ipsum dolor sit amet, veri modus scripserit qui no.\", \"image\": null, \"search_description\": \"\", \"owner\": 1, \"latest_revision_created_at\": \"2015-06-23T07:34:49.054Z\", \"go_live_at\": null, \"title\": \"Page 2\", \"seo_title\": \"\", \"slug\": \"page-2\", \"live\": true, \"has_unpublished_changes\": false, \"body\": \"[{\\\"type\\\": \\\"paragraph\\\", \\\"value\\\": \\\"Lorem ipsum dolor sit amet, veri modus scripserit qui no. Sumo legendos ex pro, eum elit qualisque salutatus an. Tincidunt sadipscing qui eu, eos ei esse autem eripuit. Eros blandit pri an, id erat debet percipitur eam.\\\\r\\\\n\\\\r\\\\nBonorum omnesque cu vim. Vel ei veniam forensibus, quo dico nihil epicuri ne, ex scripserit instructior vel. Munere labitur epicuri ius te, id quem doctus legendos pri. Est sale nobis repudiandae no, eu vix ponderum oportere, ignota dissentiet instructior id vix.\\\\r\\\\n\\\\r\\\\nElit possit at eam. Usu posse habemus ei. Dicit voluptatum mel id. Magna vocent voluptatibus sea in, ne omnium scripta denique mea.\\\\r\\\\n\\\\r\\\\nSed an ullum epicuri menandri. Ad duo mundi fabulas vocibus, cum novum option deserunt et, nobis dolor eos ei. Ne suas vituperatoribus quo. Ius mollis tincidunt conceptam eu.\\\\r\\\\n\\\\r\\\\nSed exerci aliquam aliquando ex, ne postulant principes per. In dicat salutatus concludaturque est, mel te tota latine labores. Ne purto volutpat scribentur duo. In oblique virtute offendit eum.\\\"}]\", \"numchild\": 0, \"content_type\": 30, \"show_in_menus\": false, \"path\": \"000100010001000500010002\", \"url_path\": \"/home/english/your-body/your-body-subsection/page-2/\", \"expired\": false, \"pk\": 24, \"featured_in_section\": true, \"locked\": false, \"featured_in_latest\": true, \"featured_in_homepage\": true, \"depth\": 6, \"first_published_at\": \"2015-06-10T12:53:00Z\", \"expire_at\": null}",
        "user": [
            "root"
        ],
        "page": 24
    },
    "model": "wagtailcore.pagerevision",
    "pk": 64
},
{
    "fields": {
        "approved_go_live_at": null,
        "created_at": "2015-06-23T11:57:25.633Z",
        "submitted_for_moderation": false,
        "content_json": "{\"subtitle\": \"Your Mind Page 1 Lorem ipsum dolor sit amet, veri modus scripserit qui no.\", \"image\": null, \"search_description\": \"\", \"owner\": 1, \"latest_revision_created_at\": \"2015-06-23T11:25:59.302Z\", \"go_live_at\": null, \"title\": \"Page 1\", \"seo_title\": \"\", \"slug\": \"page-1\", \"live\": true, \"has_unpublished_changes\": false, \"body\": \"[{\\\"type\\\": \\\"paragraph\\\", \\\"value\\\": \\\"**Lorem ipsum** dolor _sit amet_, veri modus scripserit qui no. Sumo legendos ex pro, eum elit qualisque salutatus an. Tincidunt sadipscing qui eu, eos ei esse autem eripuit. Eros blandit pri an, id erat debet percipitur eam.\\\\r\\\\n\\\\r\\\\nBonorum omnesque cu vim. Vel ei veniam forensibus, quo dico nihil epicuri ne, ex scripserit instructior vel. Munere labitur epicuri ius te, id quem doctus legendos pri. Est sale nobis repudiandae no, eu vix ponderum oportere, ignota dissentiet instructior id vix.\\\\r\\\\n\\\\r\\\\nElit possit at eam. Usu posse habemus ei. Dicit voluptatum mel id. Magna vocent voluptatibus sea in, ne omnium scripta denique mea.\\\\r\\\\n\\\\r\\\\n- This is an item\\\\r\\\\n- another item\\\\r\\\\n- and another one\\\\r\\\\n\\\\r\\\\nSed an ullum epicuri menandri. Ad duo mundi fabulas vocibus, cum novum option deserunt et, nobis dolor eos ei. Ne suas vituperatoribus quo. Ius mollis tincidunt conceptam eu.\\\\r\\\\n\\\\r\\\\nSed exerci aliquam aliquando ex, ne postulant principes per. In dicat salutatus concludaturque est, mel te tota latine labores. Ne purto volutpat scribentur duo. In oblique virtute offendit eum.\\\"}, {\\\"type\\\": \\\"numbered_list\\\", \\\"value\\\": [\\\"first item\\\", \\\"second item\\\", \\\"third item\\\"]}]\", \"numchild\": 0, \"content_type\": 30, \"show_in_menus\": true, \"path\": \"000100010001000100020001\", \"url_path\": \"/home/english/your-mind/your-mind-subsection/page-1/\", \"expired\": false, \"pk\": 14, \"featured_in_section\": true, \"locked\": false, \"featured_in_latest\": true, \"featured_in_homepage\": true, \"depth\": 6, \"first_published_at\": \"2015-06-11T12:53:00Z\", \"expire_at\": null}",
        "user": [
            "root"
        ],
        "page": 14
    },
    "model": "wagtailcore.pagerevision",
    "pk": 65
},
{
    "fields": {
        "group": [
            "Moderators"
        ],
        "page": 1,
        "permission_type": "add"
    },
    "model": "wagtailcore.grouppagepermission",
    "pk": 1
},
{
    "fields": {
        "group": [
            "Moderators"
        ],
        "page": 1,
        "permission_type": "edit"
    },
    "model": "wagtailcore.grouppagepermission",
    "pk": 2
},
{
    "fields": {
        "group": [
            "Moderators"
        ],
        "page": 1,
        "permission_type": "publish"
    },
    "model": "wagtailcore.grouppagepermission",
    "pk": 3
},
{
    "fields": {
        "group": [
            "Editors"
        ],
        "page": 1,
        "permission_type": "add"
    },
    "model": "wagtailcore.grouppagepermission",
    "pk": 4
},
{
    "fields": {
        "group": [
            "Editors"
        ],
        "page": 1,
        "permission_type": "edit"
    },
    "model": "wagtailcore.grouppagepermission",
    "pk": 5
},
{
    "fields": {
        "group": [
            "Moderators"
        ],
        "page": 1,
        "permission_type": "lock"
    },
    "model": "wagtailcore.grouppagepermission",
    "pk": 6
},
{
    "fields": {
        "focal_point_width": null,
        "title": "famil",
        "focal_point_height": null,
        "created_at": "2015-06-05T13:48:37.751Z",
        "focal_point_x": null,
        "focal_point_y": null,
        "height": 430,
        "width": 550,
        "file": "original_images/fflangola.jpeg",
        "uploaded_by_user": [
            "root"
        ]
    },
    "model": "wagtailimages.image",
    "pk": 1
},
{
    "fields": {
        "focal_point_width": null,
        "title": "yoyo",
        "focal_point_height": null,
        "created_at": "2015-06-05T13:49:29.481Z",
        "focal_point_x": null,
        "focal_point_y": null,
        "height": 314,
        "width": 300,
        "file": "original_images/yoyo.jpg",
        "uploaded_by_user": [
            "root"
        ]
    },
    "model": "wagtailimages.image",
    "pk": 2
},
{
    "fields": {
        "focal_point_width": null,
        "title": "pineapple",
        "focal_point_height": null,
        "created_at": "2015-06-23T07:33:53.578Z",
        "focal_point_x": null,
        "focal_point_y": null,
        "height": 505,
        "width": 320,
        "file": "original_images/pineapple.png",
        "uploaded_by_user": [
            "root"
        ]
    },
    "model": "wagtailimages.image",
    "pk": 3
},
{
    "fields": {
        "spec": "max-800x600"
    },
    "model": "wagtailimages.filter",
    "pk": 1
},
{
    "fields": {
        "spec": "max-165x165"
    },
    "model": "wagtailimages.filter",
    "pk": 2
},
{
    "fields": {
        "spec": "max-130x130"
    },
    "model": "wagtailimages.filter",
    "pk": 3
},
{
    "fields": {
        "spec": "max-130x100"
    },
    "model": "wagtailimages.filter",
    "pk": 4
},
{
    "fields": {
        "spec": "width-240"
    },
    "model": "wagtailimages.filter",
    "pk": 5
},
{
    "fields": {
        "spec": "width-60"
    },
    "model": "wagtailimages.filter",
    "pk": 6
},
{
    "fields": {
        "image": 1,
        "focal_point_key": "",
        "filter": 4,
        "width": 127,
        "file": "images/fflangola.max-130x100.jpg",
        "height": 100
    },
    "model": "wagtailimages.rendition",
    "pk": 1
},
{
    "fields": {
        "image": 1,
        "focal_point_key": "",
        "filter": 2,
        "width": 165,
        "file": "images/fflangola.max-165x165.jpg",
        "height": 129
    },
    "model": "wagtailimages.rendition",
    "pk": 2
},
{
    "fields": {
        "image": 2,
        "focal_point_key": "",
        "filter": 4,
        "width": 95,
        "file": "images/yoyo.max-130x100.jpg",
        "height": 100
    },
    "model": "wagtailimages.rendition",
    "pk": 3
},
{
    "fields": {
        "image": 1,
        "focal_point_key": "",
        "filter": 5,
        "width": 240,
        "file": "images/fflangola.width-240.jpg",
        "height": 187
    },
    "model": "wagtailimages.rendition",
    "pk": 4
},
{
    "fields": {
        "image": 2,
        "focal_point_key": "",
        "filter": 5,
        "width": 240,
        "file": "images/yoyo.width-240.jpg",
        "height": 251
    },
    "model": "wagtailimages.rendition",
    "pk": 5
},
{
    "fields": {
        "image": 1,
        "focal_point_key": "",
        "filter": 6,
        "width": 60,
        "file": "images/fflangola.width-60.jpg",
        "height": 46
    },
    "model": "wagtailimages.rendition",
    "pk": 6
},
{
    "fields": {
        "image": 2,
        "focal_point_key": "",
        "filter": 2,
        "width": 157,
        "file": "images/yoyo.max-165x165.jpg",
        "height": 165
    },
    "model": "wagtailimages.rendition",
    "pk": 7
},
{
    "fields": {
        "image": 1,
        "focal_point_key": "",
        "filter": 3,
        "width": 130,
        "file": "images/fflangola.max-130x130.jpg",
        "height": 101
    },
    "model": "wagtailimages.rendition",
    "pk": 8
},
{
    "fields": {
        "image": 2,
        "focal_point_key": "",
        "filter": 3,
        "width": 124,
        "file": "images/yoyo.max-130x130.jpg",
        "height": 130
    },
    "model": "wagtailimages.rendition",
    "pk": 9
},
{
    "fields": {
        "image": 2,
        "focal_point_key": "",
        "filter": 6,
        "width": 60,
        "file": "images/yoyo.width-60.jpg",
        "height": 62
    },
    "model": "wagtailimages.rendition",
    "pk": 10
},
{
    "fields": {
        "image": 3,
        "focal_point_key": "",
        "filter": 4,
        "width": 63,
        "file": "images/pineapple.max-130x100.png",
        "height": 100
    },
    "model": "wagtailimages.rendition",
    "pk": 11
},
{
    "fields": {
        "image": 3,
        "focal_point_key": "",
        "filter": 3,
        "width": 82,
        "file": "images/pineapple.max-130x130.png",
        "height": 130
    },
    "model": "wagtailimages.rendition",
    "pk": 12
},
{
    "fields": {
        "banner_link_page": 19,
        "banner": 1
    },
    "model": "core.homepage",
    "pk": 16
},
{
    "fields": {},
    "model": "core.main",
    "pk": 4
},
{
    "fields": {
        "code": "en"
    },
    "model": "core.languagepage",
    "pk": 5
},
{
    "fields": {
        "code": "zu"
    },
    "model": "core.languagepage",
    "pk": 8
},
{
    "fields": {
        "image": null,
        "description": "This is your mind section"
    },
    "model": "core.sectionpage",
    "pk": 6
},
{
    "fields": {
        "image": 2,
        "description": "A nice description about this sub section"
    },
    "model": "core.sectionpage",
    "pk": 9
},
{
    "fields": {
        "image": null,
        "description": "Another subsection for your mind"
    },
    "model": "core.sectionpage",
    "pk": 10
},
{
    "fields": {
        "image": 3,
        "description": "No his gloriatur necessitatibus, has ad utroque ocurreret. Ei velit noster aliquid vix. An meliore repudiandae has. "
    },
    "model": "core.sectionpage",
    "pk": 21
},
{
    "fields": {
        "image": 2,
        "description": "A nice description about this sub section"
    },
    "model": "core.sectionpage",
    "pk": 22
},
{
    "fields": {
        "body": "[{\"type\": \"paragraph\", \"value\": \"Lorem ipsum dolor sit amet, veri modus scripserit qui no. Sumo legendos ex pro, eum elit qualisque salutatus an. Tincidunt sadipscing qui eu, eos ei esse autem eripuit. Eros blandit pri an, id erat debet percipitur eam.\\r\\n\\r\\nBonorum omnesque cu vim. Vel ei veniam forensibus, quo dico nihil epicuri ne, ex scripserit instructior vel. Munere labitur epicuri ius te, id quem doctus legendos pri. Est sale nobis repudiandae no, eu vix ponderum oportere, ignota dissentiet instructior id vix.\\r\\n\\r\\nElit possit at eam. Usu posse habemus ei. Dicit voluptatum mel id. Magna vocent voluptatibus sea in, ne omnium scripta denique mea.\\r\\n\\r\\nSed an ullum epicuri menandri. Ad duo mundi fabulas vocibus, cum novum option deserunt et, nobis dolor eos ei. Ne suas vituperatoribus quo. Ius mollis tincidunt conceptam eu.\\r\\n\\r\\nSed exerci aliquam aliquando ex, ne postulant principes per. In dicat salutatus concludaturque est, mel te tota latine labores. Ne purto volutpat scribentur duo. In oblique virtute offendit eum.\"}]",
        "subtitle": "Lorem ipsum dolor sit amet, veri modus scripserit qui no.",
        "featured_in_latest": false,
        "image": null,
        "featured_in_homepage": false,
        "featured_in_section": true
    },
    "model": "core.articlepage",
    "pk": 11
},
{
    "fields": {
        "body": "[{\"type\": \"paragraph\", \"value\": \"Lorem ipsum dolor sit amet, veri modus scripserit qui no. Sumo legendos ex pro, eum elit qualisque salutatus an. Tincidunt sadipscing qui eu, eos ei esse autem eripuit. Eros blandit pri an, id erat debet percipitur eam.\\r\\n\\r\\nBonorum omnesque cu vim. Vel ei veniam forensibus, quo dico nihil epicuri ne, ex scripserit instructior vel. Munere labitur epicuri ius te, id quem doctus legendos pri. Est sale nobis repudiandae no, eu vix ponderum oportere, ignota dissentiet instructior id vix.\\r\\n\\r\\nElit possit at eam. Usu posse habemus ei. Dicit voluptatum mel id. Magna vocent voluptatibus sea in, ne omnium scripta denique mea.\\r\\n\\r\\nSed an ullum epicuri menandri. Ad duo mundi fabulas vocibus, cum novum option deserunt et, nobis dolor eos ei. Ne suas vituperatoribus quo. Ius mollis tincidunt conceptam eu.\\r\\n\\r\\nSed exerci aliquam aliquando ex, ne postulant principes per. In dicat salutatus concludaturque est, mel te tota latine labores. Ne purto volutpat scribentur duo. In oblique virtute offendit eum.\"}]",
        "subtitle": "Lorem ipsum dolor sit amet, veri modus scripserit qui no.",
        "featured_in_latest": false,
        "image": null,
        "featured_in_homepage": false,
        "featured_in_section": true
    },
    "model": "core.articlepage",
    "pk": 12
},
{
    "fields": {
        "body": "[{\"type\": \"paragraph\", \"value\": \"Lorem ipsum dolor sit amet, veri modus scripserit qui no. Sumo legendos ex pro, eum elit qualisque salutatus an. Tincidunt sadipscing qui eu, eos ei esse autem eripuit. Eros blandit pri an, id erat debet percipitur eam.\\r\\n\\r\\nBonorum omnesque cu vim. Vel ei veniam forensibus, quo dico nihil epicuri ne, ex scripserit instructior vel. Munere labitur epicuri ius te, id quem doctus legendos pri. Est sale nobis repudiandae no, eu vix ponderum oportere, ignota dissentiet instructior id vix.\\r\\n\\r\\nElit possit at eam. Usu posse habemus ei. Dicit voluptatum mel id. Magna vocent voluptatibus sea in, ne omnium scripta denique mea.\\r\\n\\r\\nSed an ullum epicuri menandri. Ad duo mundi fabulas vocibus, cum novum option deserunt et, nobis dolor eos ei. Ne suas vituperatoribus quo. Ius mollis tincidunt conceptam eu.\\r\\n\\r\\nSed exerci aliquam aliquando ex, ne postulant principes per. In dicat salutatus concludaturque est, mel te tota latine labores. Ne purto volutpat scribentur duo. In oblique virtute offendit eum.\"}]",
        "subtitle": "Lorem ipsum dolor sit amet, veri modus scripserit qui no.",
        "featured_in_latest": false,
        "image": null,
        "featured_in_homepage": false,
        "featured_in_section": true
    },
    "model": "core.articlepage",
    "pk": 13
},
{
    "fields": {
        "body": "[{\"type\": \"paragraph\", \"value\": \"**Lorem ipsum** dolor _sit amet_, veri modus scripserit qui no. Sumo legendos ex pro, eum elit qualisque salutatus an. Tincidunt sadipscing qui eu, eos ei esse autem eripuit. Eros blandit pri an, id erat debet percipitur eam.\\r\\n\\r\\nBonorum omnesque cu vim. Vel ei veniam forensibus, quo dico nihil epicuri ne, ex scripserit instructior vel. Munere labitur epicuri ius te, id quem doctus legendos pri. Est sale nobis repudiandae no, eu vix ponderum oportere, ignota dissentiet instructior id vix.\\r\\n\\r\\nElit possit at eam. Usu posse habemus ei. Dicit voluptatum mel id. Magna vocent voluptatibus sea in, ne omnium scripta denique mea.\\r\\n\\r\\n- This is an item\\r\\n- another item\\r\\n- and another one\\r\\n\\r\\nSed an ullum epicuri menandri. Ad duo mundi fabulas vocibus, cum novum option deserunt et, nobis dolor eos ei. Ne suas vituperatoribus quo. Ius mollis tincidunt conceptam eu.\\r\\n\\r\\nSed exerci aliquam aliquando ex, ne postulant principes per. In dicat salutatus concludaturque est, mel te tota latine labores. Ne purto volutpat scribentur duo. In oblique virtute offendit eum.\"}, {\"type\": \"numbered_list\", \"value\": [\"first item\", \"second item\", \"third item\"]}]",
        "subtitle": "Your Mind Page 1 Lorem ipsum dolor sit amet, veri modus scripserit qui no.",
        "featured_in_latest": true,
        "image": null,
        "featured_in_homepage": true,
        "featured_in_section": true
    },
    "model": "core.articlepage",
    "pk": 14
},
{
    "fields": {
        "body": "[{\"type\": \"paragraph\", \"value\": \"Lorem ipsum dolor sit amet, veri modus scripserit qui no. Sumo legendos ex pro, eum elit qualisque salutatus an. Tincidunt sadipscing qui eu, eos ei esse autem eripuit. Eros blandit pri an, id erat debet percipitur eam.\\r\\n\\r\\nBonorum omnesque cu vim. Vel ei veniam forensibus, quo dico nihil epicuri ne, ex scripserit instructior vel. Munere labitur epicuri ius te, id quem doctus legendos pri. Est sale nobis repudiandae no, eu vix ponderum oportere, ignota dissentiet instructior id vix.\\r\\n\\r\\nElit possit at eam. Usu posse habemus ei. Dicit voluptatum mel id. Magna vocent voluptatibus sea in, ne omnium scripta denique mea.\\r\\n\\r\\nSed an ullum epicuri menandri. Ad duo mundi fabulas vocibus, cum novum option deserunt et, nobis dolor eos ei. Ne suas vituperatoribus quo. Ius mollis tincidunt conceptam eu.\\r\\n\\r\\nSed exerci aliquam aliquando ex, ne postulant principes per. In dicat salutatus concludaturque est, mel te tota latine labores. Ne purto volutpat scribentur duo. In oblique virtute offendit eum.\"}]",
        "subtitle": "Lorem ipsum dolor sit amet, veri modus scripserit qui no.",
        "featured_in_latest": true,
        "image": null,
        "featured_in_homepage": true,
        "featured_in_section": true
    },
    "model": "core.articlepage",
    "pk": 15
},
{
    "fields": {
        "body": "[{\"type\": \"paragraph\", \"value\": \"Lorem ipsum dolor sit amet, per dicam libris deleniti ut. Adversarium liberavisse duo ea, id consul audire mediocritatem cum, no summo molestiae ius. Cum soleat albucius assueverit at. Commune quaestio praesent ex nec.\\r\\n\\r\\nAn elitr placerat duo. Ex facete mandamus his, oporteat praesent partiendo an mel. Duo iusto impedit convenire ex, qui albucius senserit persecuti ex. Cu pri errem causae, eros sapientem mel eu. Sale mandamus sententiae id eam.\\r\\n\\r\\nQui in impetus temporibus repudiandae, reque adolescens vis ea, ei vide zril dignissim vim. Pro nisl sumo tincidunt ut, vim at malis eirmod prompta, ne quo agam noster putant. Mel at dictas aeterno, ne vim tation timeam. Duo ea fugit nullam minimum, nec erat inimicus gubergren ut, eos verear volumus in. Case laudem noster eos cu.\\r\\n\\r\\nEu cum causae dolorem, nec prompta docendi in, ut option suscipiantur per. Eos impetus elaboraret no, sea lorem similique id. Eu maiorum eloquentiam consequuntur duo, pertinax elaboraret id nam. Solet luptatum mea in, ei his quod insolens dissentias. Mei ad esse molestiae, labore adipisci erroribus mea ei. Vocibus volutpat aliquando has ei, ea eos falli oporteat deterruisset.\\r\\n\\r\\nIdque legere putent ex qui. Dicat sonet menandri usu et, eos in adhuc adolescens, ei has viderer accumsan. Ut ius probo percipit accusamus, vel ex fastidii petentium, dolore accusata eam ex. Ei mei nulla nullam nemore, causae vidisse duo ex. Duo dico eruditi ei.\"}]",
        "subtitle": "This is the terms sub title",
        "featured_in_latest": false,
        "image": null,
        "featured_in_homepage": false,
        "featured_in_section": false
    },
    "model": "core.articlepage",
    "pk": 17
},
{
    "fields": {
        "body": "[{\"type\": \"paragraph\", \"value\": \"Lorem ipsum dolor sit amet, per dicam libris deleniti ut. Adversarium liberavisse duo ea, id consul audire mediocritatem cum, no summo molestiae ius. Cum soleat albucius assueverit at. Commune quaestio praesent ex nec.\\r\\n\\r\\nAn elitr placerat duo. Ex facete mandamus his, oporteat praesent partiendo an mel. Duo iusto impedit convenire ex, qui albucius senserit persecuti ex. Cu pri errem causae, eros sapientem mel eu. Sale mandamus sententiae id eam.\\r\\n\\r\\nQui in impetus temporibus repudiandae, reque adolescens vis ea, ei vide zril dignissim vim. Pro nisl sumo tincidunt ut, vim at malis eirmod prompta, ne quo agam noster putant. Mel at dictas aeterno, ne vim tation timeam. Duo ea fugit nullam minimum, nec erat inimicus gubergren ut, eos verear volumus in. Case laudem noster eos cu.\\r\\n\\r\\nEu cum causae dolorem, nec prompta docendi in, ut option suscipiantur per. Eos impetus elaboraret no, sea lorem similique id. Eu maiorum eloquentiam consequuntur duo, pertinax elaboraret id nam. Solet luptatum mea in, ei his quod insolens dissentias. Mei ad esse molestiae, labore adipisci erroribus mea ei. Vocibus volutpat aliquando has ei, ea eos falli oporteat deterruisset.\\r\\n\\r\\nIdque legere putent ex qui. Dicat sonet menandri usu et, eos in adhuc adolescens, ei has viderer accumsan. Ut ius probo percipit accusamus, vel ex fastidii petentium, dolore accusata eam ex. Ei mei nulla nullam nemore, causae vidisse duo ex. Duo dico eruditi ei.\"}]",
        "subtitle": "This is a privacy subtitle",
        "featured_in_latest": false,
        "image": null,
        "featured_in_homepage": false,
        "featured_in_section": false
    },
    "model": "core.articlepage",
    "pk": 18
},
{
    "fields": {
        "body": "[{\"type\": \"paragraph\", \"value\": \"Lorem ipsum dolor sit amet, per dicam libris deleniti ut. Adversarium liberavisse duo ea, id consul audire mediocritatem cum, no summo molestiae ius. Cum soleat albucius assueverit at. Commune quaestio praesent ex nec.\\r\\n\\r\\nAn elitr placerat duo. Ex facete mandamus his, oporteat praesent partiendo an mel. Duo iusto impedit convenire ex, qui albucius senserit persecuti ex. Cu pri errem causae, eros sapientem mel eu. Sale mandamus sententiae id eam.\\r\\n\\r\\nQui in impetus temporibus repudiandae, reque adolescens vis ea, ei vide zril dignissim vim. Pro nisl sumo tincidunt ut, vim at malis eirmod prompta, ne quo agam noster putant. Mel at dictas aeterno, ne vim tation timeam. Duo ea fugit nullam minimum, nec erat inimicus gubergren ut, eos verear volumus in. Case laudem noster eos cu.\\r\\n\\r\\nEu cum causae dolorem, nec prompta docendi in, ut option suscipiantur per. Eos impetus elaboraret no, sea lorem similique id. Eu maiorum eloquentiam consequuntur duo, pertinax elaboraret id nam. Solet luptatum mea in, ei his quod insolens dissentias. Mei ad esse molestiae, labore adipisci erroribus mea ei. Vocibus volutpat aliquando has ei, ea eos falli oporteat deterruisset.\\r\\n\\r\\nIdque legere putent ex qui. Dicat sonet menandri usu et, eos in adhuc adolescens, ei has viderer accumsan. Ut ius probo percipit accusamus, vel ex fastidii petentium, dolore accusata eam ex. Ei mei nulla nullam nemore, causae vidisse duo ex. Duo dico eruditi ei.\"}]",
        "subtitle": "That will never be listed anywhere",
        "featured_in_latest": false,
        "image": 2,
        "featured_in_homepage": false,
        "featured_in_section": false
    },
    "model": "core.articlepage",
    "pk": 19
},
{
    "fields": {
        "body": "[{\"type\": \"paragraph\", \"value\": \"Lorem ipsum dolor sit amet, nam in modus deleniti vivendum. Ad simul altera moderatius qui. In pri ullum eirmod, vim tibique ancillae voluptatum ex, per eu wisi commune facilisis. Doming noster apeirian te vis, eius nullam efficiendi cum et. Phaedrum expetenda similique ex per.\\r\\n\\r\\nSumo melius accommodare eos no, no sed incorrupte accommodare. Vel referrentur complectitur cu. Dicit noster eu vim, sed id quando meliore intellegat. His persius repudiare quaerendum at, ea nam veritus singulis. Est amet malis percipit ad. At sea nostro aliquip commune, ex alia sale pro.\\r\\n\\r\\nEam fugit necessitatibus eu, nibh utroque his ei. Ei vim populo eirmod. Vis eu mazim patrioque, vix ea praesent gubergren voluptaria. Id quo sale iusto delicata, est persius splendide percipitur no. Ne nihil legere usu. Ad sed populo saperet officiis.\\r\\n\\r\\nVide deseruisse repudiandae et his, vim ei utroque consequuntur definitiones. An civibus detraxit probatus nec, eu his purto facilisis conceptam, ea primis quaestio pro. Vis ex soluta aperiri, euismod sanctus posidonium ne mei. Quodsi equidem gloriatur pri eu, vidit magna legimus cum eu. Nulla mollis partiendo per ad, malorum eripuit abhorreant sit at, sit quodsi impedit cu. Ad erant quaestio voluptaria mei, mei sonet accumsan ea.\\r\\n\\r\\nNec te saperet suscipit voluptua. Vidisse nostrud te mea, sed in tota omnis deleniti. An modo moderatius vis, ius summo consectetuer te. Ea mei impetus imperdiet. Et vix posse ponderum euripidis.\"}]",
        "subtitle": "",
        "featured_in_latest": false,
        "image": null,
        "featured_in_homepage": false,
        "featured_in_section": true
    },
    "model": "core.articlepage",
    "pk": 20
},
{
    "fields": {
        "body": "[{\"type\": \"paragraph\", \"value\": \"**Lorem ipsum** dolor _sit amet_, veri modus scripserit qui no. Sumo legendos ex pro, eum elit qualisque salutatus an. Tincidunt sadipscing qui eu, eos ei esse autem eripuit. Eros blandit pri an, id erat debet percipitur eam.\\r\\n\\r\\nBonorum omnesque cu vim. Vel ei veniam forensibus, quo dico nihil epicuri ne, ex scripserit instructior vel. Munere labitur epicuri ius te, id quem doctus legendos pri. Est sale nobis repudiandae no, eu vix ponderum oportere, ignota dissentiet instructior id vix.\\r\\n\\r\\nElit possit at eam. Usu posse habemus ei. Dicit voluptatum mel id. Magna vocent voluptatibus sea in, ne omnium scripta denique mea.\\r\\n\\r\\n- This is an item\\r\\n- another item\\r\\n- and another one\\r\\n\\r\\nSed an ullum epicuri menandri. Ad duo mundi fabulas vocibus, cum novum option deserunt et, nobis dolor eos ei. Ne suas vituperatoribus quo. Ius mollis tincidunt conceptam eu.\\r\\n\\r\\nSed exerci aliquam aliquando ex, ne postulant principes per. In dicat salutatus concludaturque est, mel te tota latine labores. Ne purto volutpat scribentur duo. In oblique virtute offendit eum.\"}, {\"type\": \"numbered_list\", \"value\": [\"first item\", \"second item\", \"third item\"]}]",
        "subtitle": "Lorem ipsum dolor sit amet, veri modus scripserit qui no.",
        "featured_in_latest": true,
        "image": null,
        "featured_in_homepage": true,
        "featured_in_section": true
    },
    "model": "core.articlepage",
    "pk": 23
},
{
    "fields": {
        "body": "[{\"type\": \"paragraph\", \"value\": \"Lorem ipsum dolor sit amet, veri modus scripserit qui no. Sumo legendos ex pro, eum elit qualisque salutatus an. Tincidunt sadipscing qui eu, eos ei esse autem eripuit. Eros blandit pri an, id erat debet percipitur eam.\\r\\n\\r\\nBonorum omnesque cu vim. Vel ei veniam forensibus, quo dico nihil epicuri ne, ex scripserit instructior vel. Munere labitur epicuri ius te, id quem doctus legendos pri. Est sale nobis repudiandae no, eu vix ponderum oportere, ignota dissentiet instructior id vix.\\r\\n\\r\\nElit possit at eam. Usu posse habemus ei. Dicit voluptatum mel id. Magna vocent voluptatibus sea in, ne omnium scripta denique mea.\\r\\n\\r\\nSed an ullum epicuri menandri. Ad duo mundi fabulas vocibus, cum novum option deserunt et, nobis dolor eos ei. Ne suas vituperatoribus quo. Ius mollis tincidunt conceptam eu.\\r\\n\\r\\nSed exerci aliquam aliquando ex, ne postulant principes per. In dicat salutatus concludaturque est, mel te tota latine labores. Ne purto volutpat scribentur duo. In oblique virtute offendit eum.\"}]",
        "subtitle": "Lorem ipsum dolor sit amet, veri modus scripserit qui no.",
        "featured_in_latest": true,
        "image": null,
        "featured_in_homepage": true,
        "featured_in_section": true
    },
    "model": "core.articlepage",
    "pk": 24
},
{
    "fields": {},
    "model": "core.footerpage",
    "pk": 17
},
{
    "fields": {},
    "model": "core.footerpage",
    "pk": 18
}
]
