[
{
    "fields": {
        "name": "Moderators",
        "permissions": [
            [
                "access_admin",
                "wagtailadmin",
                "admin"
            ],
            [
                "add_document",
                "wagtaildocs",
                "document"
            ],
            [
                "change_document",
                "wagtaildocs",
                "document"
            ],
            [
                "delete_document",
                "wagtaildocs",
                "document"
            ],
            [
                "add_image",
                "wagtailimages",
                "image"
            ],
            [
                "change_image",
                "wagtailimages",
                "image"
            ],
            [
                "delete_image",
                "wagtailimages",
                "image"
            ]
        ]
    },
    "model": "auth.group",
    "pk": 1
},
{
    "fields": {
        "name": "Editors",
        "permissions": [
            [
                "access_admin",
                "wagtailadmin",
                "admin"
            ],
            [
                "add_document",
                "wagtaildocs",
                "document"
            ],
            [
                "change_document",
                "wagtaildocs",
                "document"
            ],
            [
                "delete_document",
                "wagtaildocs",
                "document"
            ],
            [
                "add_image",
                "wagtailimages",
                "image"
            ],
            [
                "change_image",
                "wagtailimages",
                "image"
            ],
            [
                "delete_image",
                "wagtailimages",
                "image"
            ]
        ]
    },
    "model": "auth.group",
    "pk": 2
},
{
    "fields": {
        "username": "root",
        "first_name": "",
        "last_name": "",
        "is_active": true,
        "is_superuser": true,
        "is_staff": true,
        "last_login": "2015-06-04T13:00:22.683Z",
        "groups": [],
        "user_permissions": [],
        "password": "pbkdf2_sha256$15000$iZM5CzCAHjg2$P/zI8uTKkvYZa3MMaOTqZxrpLdK3De/iv7wGYHXarYY=",
        "email": "madandat@gmail.com",
        "date_joined": "2015-06-03T05:39:13.078Z"
    },
    "model": "auth.user",
    "pk": 1
},
{
    "fields": {
        "expire_date": "2015-06-18T13:00:22.816Z",
        "session_data": "OTcxZjA5MjZlZTRlYWViMGQ3ODg0NTNhMmM3ZjY0MGVhOTliYWFlYTp7Il9hdXRoX3VzZXJfaGFzaCI6IjE2ZjU4NjMzYWZkMGExYWQ0OGYwZDBiNmFjYjRmZjUyODNhMGQ4OTQiLCJfYXV0aF91c2VyX2JhY2tlbmQiOiJkamFuZ28uY29udHJpYi5hdXRoLmJhY2tlbmRzLk1vZGVsQmFja2VuZCIsIl9hdXRoX3VzZXJfaWQiOjF9"
    },
    "model": "sessions.session",
    "pk": "ae270hav6b5ndqd99fomlmbg14jzxgw1"
},
{
    "fields": {
        "expire_date": "2015-06-17T05:39:17.551Z",
        "session_data": "OTcxZjA5MjZlZTRlYWViMGQ3ODg0NTNhMmM3ZjY0MGVhOTliYWFlYTp7Il9hdXRoX3VzZXJfaGFzaCI6IjE2ZjU4NjMzYWZkMGExYWQ0OGYwZDBiNmFjYjRmZjUyODNhMGQ4OTQiLCJfYXV0aF91c2VyX2JhY2tlbmQiOiJkamFuZ28uY29udHJpYi5hdXRoLmJhY2tlbmRzLk1vZGVsQmFja2VuZCIsIl9hdXRoX3VzZXJfaWQiOjF9"
    },
    "model": "sessions.session",
    "pk": "t9clrffl52os2tha5vc9enojqit1j1a0"
},
{
    "fields": {
        "root_page": 4,
        "hostname": "localhost",
        "port": 80,
        "is_default_site": true
    },
    "model": "wagtailcore.site",
    "pk": 3
},
{
    "fields": {
        "locked": false,
        "title": "Root",
        "numchild": 1,
        "show_in_menus": false,
        "live": true,
        "seo_title": "",
        "latest_revision_created_at": null,
        "depth": 1,
        "search_description": "",
        "content_type": [
            "wagtailcore",
            "page"
        ],
        "has_unpublished_changes": false,
        "owner": null,
        "path": "0001",
        "first_published_at": null,
        "url_path": "/",
        "expired": false,
        "slug": "root",
        "expire_at": null,
        "go_live_at": null
    },
    "model": "wagtailcore.page",
    "pk": 1
},
{
    "fields": {
        "locked": false,
        "title": "Main",
        "numchild": 2,
        "show_in_menus": false,
        "live": true,
        "seo_title": "",
        "latest_revision_created_at": null,
        "depth": 2,
        "search_description": "",
        "content_type": [
            "core",
            "main"
        ],
        "has_unpublished_changes": false,
        "owner": null,
        "path": "00010001",
        "first_published_at": null,
        "url_path": "/home/",
        "expired": false,
        "slug": "main",
        "expire_at": null,
        "go_live_at": null
    },
    "model": "wagtailcore.page",
    "pk": 4
},
{
    "fields": {
        "locked": false,
        "title": "English",
        "numchild": 1,
        "show_in_menus": false,
        "live": true,
        "seo_title": "",
        "latest_revision_created_at": "2015-06-03T06:01:54.210Z",
        "depth": 3,
        "search_description": "",
        "content_type": [
            "core",
            "languagepage"
        ],
        "has_unpublished_changes": false,
        "owner": [
            "root"
        ],
        "path": "000100010001",
        "first_published_at": null,
        "url_path": "/home/english/",
        "expired": false,
        "slug": "english",
        "expire_at": null,
        "go_live_at": null
    },
    "model": "wagtailcore.page",
    "pk": 5
},
{
    "fields": {
        "locked": false,
        "title": "Your Mind",
        "numchild": 2,
        "show_in_menus": false,
        "live": true,
        "seo_title": "",
        "latest_revision_created_at": "2015-06-03T06:04:36.129Z",
        "depth": 4,
        "search_description": "",
        "content_type": [
            "core",
            "sectionpage"
        ],
        "has_unpublished_changes": false,
        "owner": [
            "root"
        ],
        "path": "0001000100010001",
        "first_published_at": null,
        "url_path": "/home/english/your-mind/",
        "expired": false,
        "slug": "your-mind",
        "expire_at": null,
        "go_live_at": null
    },
    "model": "wagtailcore.page",
    "pk": 6
},
{
    "fields": {
        "locked": false,
        "title": "This is a story",
        "numchild": 0,
        "show_in_menus": true,
        "live": true,
        "seo_title": "",
        "latest_revision_created_at": "2015-06-04T14:37:45.608Z",
        "depth": 5,
        "search_description": "",
        "content_type": [
            "core",
            "articlepage"
        ],
        "has_unpublished_changes": false,
        "owner": [
            "root"
        ],
        "path": "00010001000100010002",
        "first_published_at": "2015-06-04T13:11:02.178Z",
        "url_path": "/home/english/your-mind/story/",
        "expired": false,
        "slug": "story",
        "expire_at": null,
        "go_live_at": null
    },
    "model": "wagtailcore.page",
    "pk": 7
},
{
    "fields": {
        "locked": false,
        "title": "This is another story",
        "numchild": 0,
        "show_in_menus": true,
        "live": true,
        "seo_title": "",
        "latest_revision_created_at": "2015-06-03T09:16:47.050Z",
        "depth": 5,
        "search_description": "",
        "content_type": [
            "core",
            "articlepage"
        ],
        "has_unpublished_changes": false,
        "owner": [
            "root"
        ],
        "path": "00010001000100010001",
        "first_published_at": null,
        "url_path": "/home/english/your-mind/another-story/",
        "expired": false,
        "slug": "another-story",
        "expire_at": null,
        "go_live_at": null
    },
    "model": "wagtailcore.page",
    "pk": 8
},
{
    "fields": {
        "locked": false,
        "title": "Zulu",
        "numchild": 1,
        "show_in_menus": false,
        "live": true,
        "seo_title": "",
        "latest_revision_created_at": "2015-06-03T06:35:22.384Z",
        "depth": 3,
        "search_description": "",
        "content_type": [
            "core",
            "languagepage"
        ],
        "has_unpublished_changes": false,
        "owner": [
            "root"
        ],
        "path": "000100010002",
        "first_published_at": null,
        "url_path": "/home/zulu/",
        "expired": false,
        "slug": "zulu",
        "expire_at": null,
        "go_live_at": null
    },
    "model": "wagtailcore.page",
    "pk": 9
},
{
    "fields": {
        "locked": false,
        "title": "Zulu 1st Section",
        "numchild": 1,
        "show_in_menus": false,
        "live": true,
        "seo_title": "",
        "latest_revision_created_at": "2015-06-03T06:37:09.264Z",
        "depth": 4,
        "search_description": "",
        "content_type": [
            "core",
            "sectionpage"
        ],
        "has_unpublished_changes": false,
        "owner": [
            "root"
        ],
        "path": "0001000100020001",
        "first_published_at": null,
        "url_path": "/home/zulu/zulu-1st-section/",
        "expired": false,
        "slug": "zulu-1st-section",
        "expire_at": null,
        "go_live_at": null
    },
    "model": "wagtailcore.page",
    "pk": 10
},
{
    "fields": {
        "locked": false,
        "title": "This is a zulu story",
        "numchild": 0,
        "show_in_menus": false,
        "live": true,
        "seo_title": "",
        "latest_revision_created_at": "2015-06-03T06:37:31.720Z",
        "depth": 5,
        "search_description": "",
        "content_type": [
            "core",
            "articlepage"
        ],
        "has_unpublished_changes": false,
        "owner": [
            "root"
        ],
        "path": "00010001000200010001",
        "first_published_at": null,
        "url_path": "/home/zulu/zulu-1st-section/zulu-story/",
        "expired": false,
        "slug": "zulu-story",
        "expire_at": null,
        "go_live_at": null
    },
    "model": "wagtailcore.page",
    "pk": 11
},
{
    "fields": {
        "approved_go_live_at": null,
        "created_at": "2015-06-03T06:01:54.210Z",
        "submitted_for_moderation": false,
        "content_json": "{\"code\": \"en\", \"locked\": false, \"title\": \"English\", \"numchild\": 0, \"show_in_menus\": false, \"live\": true, \"seo_title\": \"\", \"search_description\": \"\", \"depth\": 3, \"latest_revision_created_at\": null, \"has_unpublished_changes\": false, \"content_type\": 28, \"path\": \"000100010001\", \"owner\": 1, \"pk\": 5, \"url_path\": \"/home/english/\", \"expired\": false, \"slug\": \"english\", \"expire_at\": null, \"go_live_at\": null}",
        "user": [
            "root"
        ],
        "page": 5
    },
    "model": "wagtailcore.pagerevision",
    "pk": 1
},
{
    "fields": {
        "approved_go_live_at": null,
        "created_at": "2015-06-03T06:04:36.129Z",
        "submitted_for_moderation": false,
        "content_json": "{\"locked\": false, \"description\": \"\", \"title\": \"Your Mind\", \"numchild\": 0, \"show_in_menus\": false, \"live\": true, \"seo_title\": \"\", \"search_description\": \"\", \"depth\": 4, \"latest_revision_created_at\": null, \"has_unpublished_changes\": false, \"content_type\": 29, \"path\": \"0001000100010001\", \"owner\": 1, \"pk\": 6, \"url_path\": \"/home/english/your-mind/\", \"expired\": false, \"slug\": \"your-mind\", \"expire_at\": null, \"go_live_at\": null}",
        "user": [
            "root"
        ],
        "page": 6
    },
    "model": "wagtailcore.pagerevision",
    "pk": 2
},
{
    "fields": {
        "approved_go_live_at": null,
        "created_at": "2015-06-03T06:05:55.400Z",
        "submitted_for_moderation": false,
        "content_json": "{\"locked\": false, \"subtitle\": \"about a boy\", \"title\": \"This is a story\", \"numchild\": 0, \"show_in_menus\": false, \"live\": true, \"image\": 1, \"seo_title\": \"\", \"search_description\": \"\", \"depth\": 5, \"latest_revision_created_at\": null, \"has_unpublished_changes\": false, \"content_type\": 30, \"path\": \"00010001000100010001\", \"owner\": 1, \"pk\": 7, \"url_path\": \"/home/english/your-mind/story/\", \"expired\": false, \"slug\": \"story\", \"expire_at\": null, \"go_live_at\": null}",
        "user": [
            "root"
        ],
        "page": 7
    },
    "model": "wagtailcore.pagerevision",
    "pk": 3
},
{
    "fields": {
        "approved_go_live_at": null,
        "created_at": "2015-06-03T06:08:32.690Z",
        "submitted_for_moderation": false,
        "content_json": "{\"locked\": false, \"subtitle\": \"About a girl\", \"title\": \"This is another story\", \"numchild\": 0, \"show_in_menus\": false, \"live\": true, \"image\": 2, \"seo_title\": \"\", \"search_description\": \"\", \"depth\": 5, \"latest_revision_created_at\": null, \"has_unpublished_changes\": false, \"content_type\": 30, \"path\": \"00010001000100010002\", \"owner\": 1, \"pk\": 8, \"url_path\": \"/home/english/your-mind/another-story/\", \"expired\": false, \"slug\": \"another-story\", \"expire_at\": null, \"go_live_at\": null}",
        "user": [
            "root"
        ],
        "page": 8
    },
    "model": "wagtailcore.pagerevision",
    "pk": 4
},
{
    "fields": {
        "approved_go_live_at": null,
        "created_at": "2015-06-03T06:35:22.384Z",
        "submitted_for_moderation": false,
        "content_json": "{\"code\": \"zu\", \"locked\": false, \"title\": \"Zulu\", \"numchild\": 0, \"show_in_menus\": false, \"live\": true, \"seo_title\": \"\", \"search_description\": \"\", \"depth\": 3, \"latest_revision_created_at\": null, \"has_unpublished_changes\": false, \"content_type\": 28, \"path\": \"000100010002\", \"owner\": 1, \"pk\": 9, \"url_path\": \"/home/zulu/\", \"expired\": false, \"slug\": \"zulu\", \"expire_at\": null, \"go_live_at\": null}",
        "user": [
            "root"
        ],
        "page": 9
    },
    "model": "wagtailcore.pagerevision",
    "pk": 5
},
{
    "fields": {
        "approved_go_live_at": null,
        "created_at": "2015-06-03T06:37:09.264Z",
        "submitted_for_moderation": false,
        "content_json": "{\"locked\": false, \"description\": \"\", \"title\": \"Zulu 1st Section\", \"numchild\": 0, \"show_in_menus\": false, \"live\": true, \"seo_title\": \"\", \"search_description\": \"\", \"depth\": 4, \"latest_revision_created_at\": null, \"has_unpublished_changes\": false, \"content_type\": 29, \"path\": \"0001000100020001\", \"owner\": 1, \"pk\": 10, \"url_path\": \"/home/zulu/zulu-1st-section/\", \"expired\": false, \"slug\": \"zulu-1st-section\", \"expire_at\": null, \"go_live_at\": null}",
        "user": [
            "root"
        ],
        "page": 10
    },
    "model": "wagtailcore.pagerevision",
    "pk": 6
},
{
    "fields": {
        "approved_go_live_at": null,
        "created_at": "2015-06-03T06:37:31.720Z",
        "submitted_for_moderation": false,
        "content_json": "{\"locked\": false, \"subtitle\": \"About a boy\", \"title\": \"This is a zulu story\", \"numchild\": 0, \"show_in_menus\": false, \"live\": true, \"image\": 1, \"seo_title\": \"\", \"search_description\": \"\", \"depth\": 5, \"latest_revision_created_at\": null, \"has_unpublished_changes\": false, \"content_type\": 30, \"path\": \"00010001000200010001\", \"owner\": 1, \"pk\": 11, \"url_path\": \"/home/zulu/zulu-1st-section/zulu-story/\", \"expired\": false, \"slug\": \"zulu-story\", \"expire_at\": null, \"go_live_at\": null}",
        "user": [
            "root"
        ],
        "page": 11
    },
    "model": "wagtailcore.pagerevision",
    "pk": 7
},
{
    "fields": {
        "approved_go_live_at": null,
        "created_at": "2015-06-03T09:16:31.942Z",
        "submitted_for_moderation": false,
        "content_json": "{\"locked\": false, \"subtitle\": \"About a girl\", \"title\": \"This is another story\", \"numchild\": 0, \"show_in_menus\": true, \"live\": true, \"image\": 2, \"seo_title\": \"\", \"search_description\": \"\", \"depth\": 5, \"latest_revision_created_at\": \"2015-06-03T06:08:32.690Z\", \"has_unpublished_changes\": false, \"content_type\": 30, \"path\": \"00010001000100010002\", \"owner\": 1, \"pk\": 8, \"url_path\": \"/home/english/your-mind/another-story/\", \"expired\": false, \"slug\": \"another-story\", \"expire_at\": null, \"go_live_at\": null}",
        "user": [
            "root"
        ],
        "page": 8
    },
    "model": "wagtailcore.pagerevision",
    "pk": 8
},
{
    "fields": {
        "approved_go_live_at": null,
        "created_at": "2015-06-03T09:16:47.050Z",
        "submitted_for_moderation": false,
        "content_json": "{\"locked\": false, \"subtitle\": \"About a girl\", \"title\": \"This is another story\", \"numchild\": 0, \"show_in_menus\": true, \"live\": true, \"image\": 2, \"seo_title\": \"\", \"search_description\": \"\", \"depth\": 5, \"latest_revision_created_at\": \"2015-06-03T09:16:31.942Z\", \"has_unpublished_changes\": true, \"content_type\": 30, \"path\": \"00010001000100010002\", \"owner\": 1, \"pk\": 8, \"url_path\": \"/home/english/your-mind/another-story/\", \"expired\": false, \"slug\": \"another-story\", \"expire_at\": null, \"go_live_at\": null}",
        "user": [
            "root"
        ],
        "page": 8
    },
    "model": "wagtailcore.pagerevision",
    "pk": 9
},
{
    "fields": {
        "approved_go_live_at": null,
        "created_at": "2015-06-03T09:26:06.446Z",
        "submitted_for_moderation": false,
        "content_json": "{\"locked\": false, \"subtitle\": \"about a boy\", \"title\": \"This is a story\", \"numchild\": 0, \"show_in_menus\": true, \"live\": true, \"image\": 1, \"seo_title\": \"\", \"search_description\": \"\", \"depth\": 5, \"latest_revision_created_at\": \"2015-06-03T06:05:55.400Z\", \"has_unpublished_changes\": false, \"content_type\": 30, \"path\": \"00010001000100010001\", \"owner\": 1, \"pk\": 7, \"url_path\": \"/home/english/your-mind/story/\", \"expired\": false, \"slug\": \"story\", \"expire_at\": null, \"go_live_at\": null}",
        "user": [
            "root"
        ],
        "page": 7
    },
    "model": "wagtailcore.pagerevision",
    "pk": 10
},
{
    "fields": {
        "approved_go_live_at": null,
        "created_at": "2015-06-04T13:11:01.690Z",
        "submitted_for_moderation": false,
        "content_json": "{\"subtitle\": \"about a boy\", \"image\": 1, \"search_description\": \"\", \"owner\": 1, \"latest_revision_created_at\": \"2015-06-03T09:26:06.446Z\", \"go_live_at\": null, \"title\": \"This is a story\", \"seo_title\": \"\", \"slug\": \"story\", \"live\": true, \"has_unpublished_changes\": false, \"body\": \"[{\\\"type\\\": \\\"heading\\\", \\\"value\\\": \\\"A story about a boy\\\"}, {\\\"type\\\": \\\"paragraph\\\", \\\"value\\\": \\\"<p>This is a story about another boy from swaziland.<br/></p>\\\"}, {\\\"type\\\": \\\"paragraph\\\", \\\"value\\\": \\\"<p>And another paragraph goes here.</p><p><br/></p><p>Although you can do this too.<br/></p>\\\"}, {\\\"type\\\": \\\"image\\\", \\\"value\\\": 1}, {\\\"type\\\": \\\"paragraph\\\", \\\"value\\\": \\\"<p>I just felt like adding an image.<br/></p>\\\"}]\", \"numchild\": 0, \"content_type\": 30, \"show_in_menus\": true, \"path\": \"00010001000100010002\", \"url_path\": \"/home/english/your-mind/story/\", \"expired\": false, \"pk\": 7, \"locked\": false, \"depth\": 5, \"first_published_at\": null, \"expire_at\": null}",
        "user": [
            "root"
        ],
        "page": 7
    },
    "model": "wagtailcore.pagerevision",
    "pk": 11
},
{
    "fields": {
        "approved_go_live_at": null,
        "created_at": "2015-06-04T13:16:47.661Z",
        "submitted_for_moderation": false,
        "content_json": "{\"subtitle\": \"about a boy\", \"image\": 1, \"search_description\": \"\", \"owner\": 1, \"latest_revision_created_at\": \"2015-06-04T13:11:01.690Z\", \"go_live_at\": null, \"title\": \"This is a story\", \"seo_title\": \"\", \"slug\": \"story\", \"live\": true, \"has_unpublished_changes\": false, \"body\": \"[{\\\"type\\\": \\\"heading\\\", \\\"value\\\": \\\"A story about a boy\\\"}, {\\\"type\\\": \\\"paragraph\\\", \\\"value\\\": \\\"This is a paragraph in markdown.\\\\r\\\\n*bold*\\\\r\\\\n_italics*\\\\r\\\\netc ;)\\\"}, {\\\"type\\\": \\\"image\\\", \\\"value\\\": 1}]\", \"numchild\": 0, \"content_type\": 30, \"show_in_menus\": true, \"path\": \"00010001000100010002\", \"url_path\": \"/home/english/your-mind/story/\", \"expired\": false, \"pk\": 7, \"locked\": false, \"depth\": 5, \"first_published_at\": \"2015-06-04T13:11:02.178Z\", \"expire_at\": null}",
        "user": [
            "root"
        ],
        "page": 7
    },
    "model": "wagtailcore.pagerevision",
    "pk": 12
},
{
    "fields": {
        "approved_go_live_at": null,
        "created_at": "2015-06-04T13:57:55.050Z",
        "submitted_for_moderation": false,
        "content_json": "{\"subtitle\": \"about a boy\", \"image\": 1, \"search_description\": \"\", \"owner\": 1, \"latest_revision_created_at\": \"2015-06-04T13:16:47.661Z\", \"go_live_at\": null, \"title\": \"This is a story\", \"seo_title\": \"\", \"slug\": \"story\", \"live\": true, \"has_unpublished_changes\": false, \"body\": \"[{\\\"type\\\": \\\"heading\\\", \\\"value\\\": \\\"A story about a boy\\\"}, {\\\"type\\\": \\\"paragraph\\\", \\\"value\\\": \\\"This is a paragraph in markdown.\\\\r\\\\n**bold**\\\\r\\\\n_italics_\\\\r\\\\netc ;)\\\"}, {\\\"type\\\": \\\"image\\\", \\\"value\\\": 1}]\", \"numchild\": 0, \"content_type\": 30, \"show_in_menus\": true, \"path\": \"00010001000100010002\", \"url_path\": \"/home/english/your-mind/story/\", \"expired\": false, \"pk\": 7, \"locked\": false, \"depth\": 5, \"first_published_at\": \"2015-06-04T13:11:02.178Z\", \"expire_at\": null}",
        "user": [
            "root"
        ],
        "page": 7
    },
    "model": "wagtailcore.pagerevision",
    "pk": 13
},
{
    "fields": {
        "approved_go_live_at": null,
        "created_at": "2015-06-04T14:18:39.463Z",
        "submitted_for_moderation": false,
        "content_json": "{\"subtitle\": \"about a boy\", \"image\": 1, \"search_description\": \"\", \"owner\": 1, \"latest_revision_created_at\": \"2015-06-04T13:57:55.050Z\", \"go_live_at\": null, \"title\": \"This is a story\", \"seo_title\": \"\", \"slug\": \"story\", \"live\": true, \"has_unpublished_changes\": false, \"body\": \"[{\\\"type\\\": \\\"heading\\\", \\\"value\\\": \\\"A story about a boy\\\"}, {\\\"type\\\": \\\"paragraph\\\", \\\"value\\\": \\\"This is a paragraph in markdown.\\\\r\\\\n**bold**\\\\r\\\\n_italics_\\\\r\\\\netc ;)\\\"}, {\\\"type\\\": \\\"image\\\", \\\"value\\\": 2}]\", \"numchild\": 0, \"content_type\": 30, \"show_in_menus\": true, \"path\": \"00010001000100010002\", \"url_path\": \"/home/english/your-mind/story/\", \"expired\": false, \"pk\": 7, \"locked\": false, \"depth\": 5, \"first_published_at\": \"2015-06-04T13:11:02.178Z\", \"expire_at\": null}",
        "user": [
            "root"
        ],
        "page": 7
    },
    "model": "wagtailcore.pagerevision",
    "pk": 14
},
{
    "fields": {
        "approved_go_live_at": null,
        "created_at": "2015-06-04T14:28:41.253Z",
        "submitted_for_moderation": false,
        "content_json": "{\"subtitle\": \"about a boy\", \"image\": 1, \"search_description\": \"\", \"owner\": 1, \"latest_revision_created_at\": \"2015-06-04T14:18:39.463Z\", \"go_live_at\": null, \"title\": \"This is a story\", \"seo_title\": \"\", \"slug\": \"story\", \"live\": true, \"has_unpublished_changes\": false, \"body\": \"[{\\\"type\\\": \\\"heading\\\", \\\"value\\\": \\\"A story about a boy\\\"}, {\\\"type\\\": \\\"paragraph\\\", \\\"value\\\": \\\"This is a paragraph in markdown.\\\\r\\\\n\\\\r\\\\n**bold**\\\\r\\\\n_italics_\\\\r\\\\netc ;)\\\"}, {\\\"type\\\": \\\"image\\\", \\\"value\\\": 2}, {\\\"type\\\": \\\"paragraph\\\", \\\"value\\\": \\\"* something\\\\r\\\\n* another thing\\\"}, {\\\"type\\\": \\\"paragraph\\\", \\\"value\\\": \\\"#well\\\\r\\\\nQuite a heading\\\\r\\\\n\\\\r\\\\n##this is new\\\\r\\\\nWell another heading\\\"}]\", \"numchild\": 0, \"content_type\": 30, \"show_in_menus\": true, \"path\": \"00010001000100010002\", \"url_path\": \"/home/english/your-mind/story/\", \"expired\": false, \"pk\": 7, \"locked\": false, \"depth\": 5, \"first_published_at\": \"2015-06-04T13:11:02.178Z\", \"expire_at\": null}",
        "user": [
            "root"
        ],
        "page": 7
    },
    "model": "wagtailcore.pagerevision",
    "pk": 15
},
{
    "fields": {
        "approved_go_live_at": null,
        "created_at": "2015-06-04T14:29:07.528Z",
        "submitted_for_moderation": false,
        "content_json": "{\"subtitle\": \"about a boy\", \"image\": 1, \"search_description\": \"\", \"owner\": 1, \"latest_revision_created_at\": \"2015-06-04T14:28:41.253Z\", \"go_live_at\": null, \"title\": \"This is a story\", \"seo_title\": \"\", \"slug\": \"story\", \"live\": true, \"has_unpublished_changes\": true, \"body\": \"[{\\\"type\\\": \\\"heading\\\", \\\"value\\\": \\\"A story about a boy\\\"}, {\\\"type\\\": \\\"paragraph\\\", \\\"value\\\": \\\"This is a paragraph in markdown.\\\\r\\\\n\\\\r\\\\n**bold**\\\\r\\\\n_italics_\\\\r\\\\netc ;)\\\"}, {\\\"type\\\": \\\"image\\\", \\\"value\\\": 2}, {\\\"type\\\": \\\"paragraph\\\", \\\"value\\\": \\\"* something\\\\r\\\\n* another thing\\\"}, {\\\"type\\\": \\\"paragraph\\\", \\\"value\\\": \\\"#well\\\\r\\\\nQuite a heading\\\\r\\\\n\\\\r\\\\n##this is new\\\\r\\\\nWell another heading\\\"}]\", \"numchild\": 0, \"content_type\": 30, \"show_in_menus\": true, \"path\": \"00010001000100010002\", \"url_path\": \"/home/english/your-mind/story/\", \"expired\": false, \"pk\": 7, \"locked\": false, \"depth\": 5, \"first_published_at\": \"2015-06-04T13:11:02.178Z\", \"expire_at\": null}",
        "user": [
            "root"
        ],
        "page": 7
    },
    "model": "wagtailcore.pagerevision",
    "pk": 16
},
{
    "fields": {
        "approved_go_live_at": null,
        "created_at": "2015-06-04T14:33:39.239Z",
        "submitted_for_moderation": false,
        "content_json": "{\"subtitle\": \"about a boy\", \"image\": 1, \"search_description\": \"\", \"owner\": 1, \"latest_revision_created_at\": \"2015-06-04T14:29:07.528Z\", \"go_live_at\": null, \"title\": \"This is a story\", \"seo_title\": \"\", \"slug\": \"story\", \"live\": true, \"has_unpublished_changes\": false, \"body\": \"[{\\\"type\\\": \\\"heading\\\", \\\"value\\\": \\\"A story about a boy\\\"}, {\\\"type\\\": \\\"paragraph\\\", \\\"value\\\": \\\"This is a paragraph in markdown.\\\\r\\\\n\\\\r\\\\n**bold**\\\\r\\\\n_italics_\\\\r\\\\netc ;)\\\"}, {\\\"type\\\": \\\"image\\\", \\\"value\\\": 2}, {\\\"type\\\": \\\"paragraph\\\", \\\"value\\\": \\\"* something\\\\r\\\\n* another thing\\\"}, {\\\"type\\\": \\\"paragraph\\\", \\\"value\\\": \\\"#well\\\\r\\\\nQuite a heading\\\\r\\\\n\\\\r\\\\n##this is new\\\\r\\\\nWell another heading\\\"}, {\\\"type\\\": \\\"heading\\\", \\\"value\\\": \\\"And a proper heading goes here\\\"}]\", \"numchild\": 0, \"content_type\": 30, \"show_in_menus\": true, \"path\": \"00010001000100010002\", \"url_path\": \"/home/english/your-mind/story/\", \"expired\": false, \"pk\": 7, \"locked\": false, \"depth\": 5, \"first_published_at\": \"2015-06-04T13:11:02.178Z\", \"expire_at\": null}",
        "user": [
            "root"
        ],
        "page": 7
    },
    "model": "wagtailcore.pagerevision",
    "pk": 17
},
{
    "fields": {
        "approved_go_live_at": null,
        "created_at": "2015-06-04T14:37:45.608Z",
        "submitted_for_moderation": false,
        "content_json": "{\"subtitle\": \"about a boy\", \"image\": 1, \"search_description\": \"\", \"owner\": 1, \"latest_revision_created_at\": \"2015-06-04T14:33:39.239Z\", \"go_live_at\": null, \"title\": \"This is a story\", \"seo_title\": \"\", \"slug\": \"story\", \"live\": true, \"has_unpublished_changes\": false, \"body\": \"[{\\\"type\\\": \\\"paragraph\\\", \\\"value\\\": \\\"A markdown paragraph with **bold** and _italics_\\\"}]\", \"numchild\": 0, \"content_type\": 30, \"show_in_menus\": true, \"path\": \"00010001000100010002\", \"url_path\": \"/home/english/your-mind/story/\", \"expired\": false, \"pk\": 7, \"locked\": false, \"depth\": 5, \"first_published_at\": \"2015-06-04T13:11:02.178Z\", \"expire_at\": null}",
        "user": [
            "root"
        ],
        "page": 7
    },
    "model": "wagtailcore.pagerevision",
    "pk": 18
},
{
    "fields": {
        "group": [
            "Moderators"
        ],
        "page": 1,
        "permission_type": "add"
    },
    "model": "wagtailcore.grouppagepermission",
    "pk": 1
},
{
    "fields": {
        "group": [
            "Moderators"
        ],
        "page": 1,
        "permission_type": "edit"
    },
    "model": "wagtailcore.grouppagepermission",
    "pk": 2
},
{
    "fields": {
        "group": [
            "Moderators"
        ],
        "page": 1,
        "permission_type": "publish"
    },
    "model": "wagtailcore.grouppagepermission",
    "pk": 3
},
{
    "fields": {
        "group": [
            "Editors"
        ],
        "page": 1,
        "permission_type": "add"
    },
    "model": "wagtailcore.grouppagepermission",
    "pk": 4
},
{
    "fields": {
        "group": [
            "Editors"
        ],
        "page": 1,
        "permission_type": "edit"
    },
    "model": "wagtailcore.grouppagepermission",
    "pk": 5
},
{
    "fields": {
        "group": [
            "Moderators"
        ],
        "page": 1,
        "permission_type": "lock"
    },
    "model": "wagtailcore.grouppagepermission",
    "pk": 6
},
{
    "fields": {
        "focal_point_width": null,
        "title": "Family Image",
        "focal_point_height": null,
        "created_at": "2015-06-03T06:05:45.969Z",
        "focal_point_x": null,
        "focal_point_y": null,
        "height": 430,
        "width": 550,
        "file": "original_images/fflangola.jpeg",
        "uploaded_by_user": [
            "root"
        ]
    },
    "model": "wagtailimages.image",
    "pk": 1
},
{
    "fields": {
        "focal_point_width": null,
        "title": "2 girls",
        "focal_point_height": null,
        "created_at": "2015-06-03T06:08:29.057Z",
        "focal_point_x": null,
        "focal_point_y": null,
        "height": 398,
        "width": 600,
        "file": "original_images/f5edfca6af2e4410b029864a2da149fd.jpeg",
        "uploaded_by_user": [
            "root"
        ]
    },
    "model": "wagtailimages.image",
    "pk": 2
},
{
    "fields": {
        "spec": "max-130x130"
    },
    "model": "wagtailimages.filter",
    "pk": 1
},
{
    "fields": {
        "spec": "max-165x165"
    },
    "model": "wagtailimages.filter",
    "pk": 2
},
{
    "fields": {
        "spec": "max-130x100"
    },
    "model": "wagtailimages.filter",
    "pk": 3
},
{
    "fields": {
        "spec": "width-60"
    },
    "model": "wagtailimages.filter",
    "pk": 4
},
{
    "fields": {
        "spec": "max-800x600"
    },
    "model": "wagtailimages.filter",
    "pk": 5
},
{
    "fields": {
        "spec": "width-240"
    },
    "model": "wagtailimages.filter",
    "pk": 6
},
{
    "fields": {
        "spec": "original"
    },
    "model": "wagtailimages.filter",
    "pk": 7
},
{
    "fields": {
        "image": 2,
        "focal_point_key": "",
        "filter": 2,
        "width": 165,
        "file": "images/f5edfca6af2e4410b029864a2da149fd.focus-none.max-165x165.jpeg",
        "height": 109
    },
    "model": "wagtailimages.rendition",
    "pk": 9
},
{
    "fields": {
        "image": 1,
        "focal_point_key": "",
        "filter": 2,
        "width": 165,
        "file": "images/fflangola.focus-none.max-165x165.jpeg",
        "height": 129
    },
    "model": "wagtailimages.rendition",
    "pk": 10
},
{
    "fields": {
        "image": 2,
        "focal_point_key": "",
        "filter": 4,
        "width": 60,
        "file": "images/f5edfca6af2e4410b029864a2da149fd.focus-none.width-60.jpeg",
        "height": 39
    },
    "model": "wagtailimages.rendition",
    "pk": 11
},
{
    "fields": {
        "image": 1,
        "focal_point_key": "",
        "filter": 4,
        "width": 60,
        "file": "images/fflangola.focus-none.width-60.jpeg",
        "height": 46
    },
    "model": "wagtailimages.rendition",
    "pk": 12
},
{
    "fields": {
        "image": 2,
        "focal_point_key": "",
        "filter": 6,
        "width": 240,
        "file": "images/f5edfca6af2e4410b029864a2da149fd.focus-none.width-240.jpeg",
        "height": 159
    },
    "model": "wagtailimages.rendition",
    "pk": 13
},
{
    "fields": {
        "image": 1,
        "focal_point_key": "",
        "filter": 6,
        "width": 240,
        "file": "images/fflangola.focus-none.width-240.jpeg",
        "height": 187
    },
    "model": "wagtailimages.rendition",
    "pk": 14
},
{
    "fields": {
        "image": 2,
        "focal_point_key": "",
        "filter": 1,
        "width": 130,
        "file": "images/f5edfca6af2e4410b029864a2da149fd.max-130x130.jpg",
        "height": 86
    },
    "model": "wagtailimages.rendition",
    "pk": 15
},
{
    "fields": {
        "image": 1,
        "focal_point_key": "",
        "filter": 1,
        "width": 130,
        "file": "images/fflangola.max-130x130.jpg",
        "height": 101
    },
    "model": "wagtailimages.rendition",
    "pk": 16
},
{
    "fields": {
        "image": 1,
        "focal_point_key": "",
        "filter": 3,
        "width": 127,
        "file": "images/fflangola.max-130x100.jpg",
        "height": 100
    },
    "model": "wagtailimages.rendition",
    "pk": 17
},
{
    "fields": {
        "image": 1,
        "focal_point_key": "",
        "filter": 7,
        "width": 550,
        "file": "images/fflangola.original.jpg",
        "height": 430
    },
    "model": "wagtailimages.rendition",
    "pk": 18
},
{
    "fields": {
        "image": 2,
        "focal_point_key": "",
        "filter": 3,
        "width": 130,
        "file": "images/f5edfca6af2e4410b029864a2da149fd.max-130x100.jpg",
        "height": 86
    },
    "model": "wagtailimages.rendition",
    "pk": 19
},
{
    "fields": {
        "image": 1,
        "focal_point_key": "",
        "filter": 5,
        "width": 550,
        "file": "images/fflangola.max-800x600.jpg",
        "height": 430
    },
    "model": "wagtailimages.rendition",
    "pk": 20
},
{
    "fields": {},
    "model": "core.main",
    "pk": 4
},
{
    "fields": {
        "code": "en"
    },
    "model": "core.languagepage",
    "pk": 5
},
{
    "fields": {
        "code": "zu"
    },
    "model": "core.languagepage",
    "pk": 9
},
{
    "fields": {
        "description": ""
    },
    "model": "core.sectionpage",
    "pk": 6
},
{
    "fields": {
        "description": ""
    },
    "model": "core.sectionpage",
    "pk": 10
},
{
    "fields": {
        "body": "[{\"type\": \"paragraph\", \"value\": \"A markdown paragraph with **bold** and _italics_\"}]",
        "image": 1,
        "subtitle": "about a boy"
    },
    "model": "core.articlepage",
    "pk": 7
},
{
    "fields": {
        "body": "[]",
        "image": 2,
        "subtitle": "About a girl"
    },
    "model": "core.articlepage",
    "pk": 8
},
{
    "fields": {
        "body": "[]",
        "image": 1,
        "subtitle": "About a boy"
    },
    "model": "core.articlepage",
    "pk": 11
}
]
